ISO-10303-21;
HEADER;
/* Generated by software containing ST-Developer
 * from STEP Tools, Inc. (www.steptools.com) 
 */
/* OPTION: using custom renumber hook */

FILE_DESCRIPTION(
/* description */ ('STEP AP242 Edition 2',
'CAx-IF Rec.Pracs.---Representation and Presentation of Product Manufa
cturing Information (PMI)---4.0---2014-10-13',
'CAx-IF Rec.Pracs.---3D Tessellated Geometry---0.4---2014-09-14','2;1',
'CAx-IF Rec.Pracs.---User Defined Attributes---1.5---2016-08-15'),
/* implementation_level */ '2;1');

FILE_NAME(
/* name */ '6a911e58eacba501c2e9b976',
/* time_stamp */ '2026-08-28T05:36:25Z',
/* author */ (''),
/* organization */ (''),
/* preprocessor_version */ 'ST-DEVELOPER v20',
/* originating_system */ 'ONSHAPE BY PTC INC, 1.219',
/* authorisation */ '  ');

FILE_SCHEMA (('AP242_MANAGED_MODEL_BASED_3D_ENGINEERING_MIM_LF { 1 0 10303 442 3 1 4 }'));
ENDSEC;

DATA;
#10=(
BOUNDED_SURFACE()
B_SPLINE_SURFACE(3,2,((#3450,#3451,#3452),(#3453,#3454,#3455),(#3456,#3457,
#3458),(#3459,#3460,#3461),(#3462,#3463,#3464),(#3465,#3466,#3467),(#3468,
#3469,#3470),(#3471,#3472,#3473),(#3474,#3475,#3476)),.UNSPECIFIED.,.F.,
 .F.,.F.)
B_SPLINE_SURFACE_WITH_KNOTS((4,1,1,1,1,1,4),(3,3),(3.14159265358979,3.33794219443916,
3.53429173528852,3.73064127613788,3.92699081698724,4.31968989868597,4.71238898038469),
(0.,1.),.UNSPECIFIED.)
GEOMETRIC_REPRESENTATION_ITEM()
RATIONAL_B_SPLINE_SURFACE(((1.,0.707106781186548,1.),(1.,0.707106781191485,
1.),(1.,0.716400177599413,1.),(1.,0.754563896244777,1.),(1.,0.80803495651309,
1.),(1.,0.886299164406157,1.),(1.,0.973513794545734,1.),(1.,0.999999999999087,
1.),(1.,1.,1.)))
REPRESENTATION_ITEM('')
SURFACE()
);
#11=(
BOUNDED_SURFACE()
B_SPLINE_SURFACE(3,2,((#3479,#3480,#3481),(#3482,#3483,#3484),(#3485,#3486,
#3487),(#3488,#3489,#3490),(#3491,#3492,#3493),(#3494,#3495,#3496),(#3497,
#3498,#3499),(#3500,#3501,#3502),(#3503,#3504,#3505)),.UNSPECIFIED.,.F.,
 .F.,.F.)
B_SPLINE_SURFACE_WITH_KNOTS((4,1,1,1,1,1,4),(3,3),(3.14159265358979,3.33794219443916,
3.53429173528852,3.73064127613788,3.92699081698724,4.31968989868597,4.71238898038469),
(0.,1.),.UNSPECIFIED.)
GEOMETRIC_REPRESENTATION_ITEM()
RATIONAL_B_SPLINE_SURFACE(((1.,0.707106781186548,1.),(1.,0.707106781191485,
1.),(1.,0.716400177599413,1.),(1.,0.754563896244777,1.),(1.,0.808034956513089,
1.),(1.,0.886299164406156,1.),(1.,0.973513794545734,1.),(1.,0.999999999999087,
1.),(1.,1.,1.)))
REPRESENTATION_ITEM('')
SURFACE()
);
#12=(
BOUNDED_SURFACE()
B_SPLINE_SURFACE(3,2,((#3508,#3509,#3510),(#3511,#3512,#3513),(#3514,#3515,
#3516),(#3517,#3518,#3519),(#3520,#3521,#3522),(#3523,#3524,#3525),(#3526,
#3527,#3528),(#3529,#3530,#3531),(#3532,#3533,#3534)),.UNSPECIFIED.,.F.,
 .F.,.F.)
B_SPLINE_SURFACE_WITH_KNOTS((4,1,1,1,1,1,4),(3,3),(6.28318530717959,6.47953484802895,
6.67588438887831,6.87223392972767,7.06858347057703,7.46128255227576,7.85398163397448),
(0.,1.),.UNSPECIFIED.)
GEOMETRIC_REPRESENTATION_ITEM()
RATIONAL_B_SPLINE_SURFACE(((1.,0.707106781186548,1.),(1.,0.707106781191485,
1.),(1.,0.716400177599413,1.),(1.,0.754563896244777,1.),(1.,0.80803495651309,
1.),(1.,0.886299164406154,1.),(1.,0.973513794545735,1.),(1.,0.999999999999087,
1.),(1.,1.,1.)))
REPRESENTATION_ITEM('')
SURFACE()
);
#13=(
BOUNDED_SURFACE()
B_SPLINE_SURFACE(3,2,((#3537,#3538,#3539),(#3540,#3541,#3542),(#3543,#3544,
#3545),(#3546,#3547,#3548),(#3549,#3550,#3551),(#3552,#3553,#3554),(#3555,
#3556,#3557),(#3558,#3559,#3560),(#3561,#3562,#3563)),.UNSPECIFIED.,.F.,
 .F.,.F.)
B_SPLINE_SURFACE_WITH_KNOTS((4,1,1,1,1,1,4),(3,3),(6.28318530717959,6.47953484802895,
6.67588438887831,6.87223392972767,7.06858347057703,7.46128255227576,7.85398163397448),
(0.,1.),.UNSPECIFIED.)
GEOMETRIC_REPRESENTATION_ITEM()
RATIONAL_B_SPLINE_SURFACE(((1.,0.707106781186548,1.),(1.,0.707106781191485,
1.),(1.,0.716400177599413,1.),(1.,0.754563896244777,1.),(1.,0.80803495651309,
1.),(1.,0.886299164406154,1.),(1.,0.973513794545735,1.),(1.,0.999999999999087,
1.),(1.,1.,1.)))
REPRESENTATION_ITEM('')
SURFACE()
);
#14=ELLIPSE('',#2317,0.00875839734197987,0.008382);
#15=ELLIPSE('',#2318,0.00875839734197987,0.008382);
#16=ELLIPSE('',#2320,0.00875839734197987,0.008382);
#17=ELLIPSE('',#2321,0.00875839734197987,0.008382);
#18=ELLIPSE('',#2323,0.00875839734197987,0.008382);
#19=ELLIPSE('',#2324,0.00875839734197987,0.008382);
#20=ELLIPSE('',#2326,0.00875839734197987,0.008382);
#21=ELLIPSE('',#2327,0.00875839734197987,0.008382);
#22=CONTEXT_DEPENDENT_SHAPE_REPRESENTATION(#38,#3669);
#23=CONTEXT_DEPENDENT_SHAPE_REPRESENTATION(#39,#3670);
#24=CONTEXT_DEPENDENT_SHAPE_REPRESENTATION(#40,#3672);
#25=CONTEXT_DEPENDENT_SHAPE_REPRESENTATION(#41,#3674);
#26=CONTEXT_DEPENDENT_SHAPE_REPRESENTATION(#42,#3676);
#27=CONTEXT_DEPENDENT_SHAPE_REPRESENTATION(#43,#3677);
#28=CONTEXT_DEPENDENT_SHAPE_REPRESENTATION(#44,#3679);
#29=CONTEXT_DEPENDENT_SHAPE_REPRESENTATION(#45,#3680);
#30=NEXT_ASSEMBLY_USAGE_OCCURRENCE('NAUO1','Part 1','Part 1',#3681,#3682,
'');
#31=NEXT_ASSEMBLY_USAGE_OCCURRENCE('NAUO2','Part 1','Part 1',#3681,#3682,
'');
#32=NEXT_ASSEMBLY_USAGE_OCCURRENCE('NAUO3','Part 1','Part 1',#3681,#3683,
'');
#33=NEXT_ASSEMBLY_USAGE_OCCURRENCE('NAUO4','Part 1','Part 1',#3681,#3684,
'');
#34=NEXT_ASSEMBLY_USAGE_OCCURRENCE('NAUO5','Part 1','Part 1',#3681,#3685,
'');
#35=NEXT_ASSEMBLY_USAGE_OCCURRENCE('NAUO6','Part 1','Part 1',#3681,#3685,
'');
#36=NEXT_ASSEMBLY_USAGE_OCCURRENCE('NAUO7','Part 1','Part 1',#3681,#3686,
'');
#37=NEXT_ASSEMBLY_USAGE_OCCURRENCE('NAUO8','Part 1','Part 1',#3681,#3683,
'');
#38=(
REPRESENTATION_RELATIONSHIP(' ',' ',#2183,#2182)
REPRESENTATION_RELATIONSHIP_WITH_TRANSFORMATION(#46)
SHAPE_REPRESENTATION_RELATIONSHIP()
);
#39=(
REPRESENTATION_RELATIONSHIP(' ',' ',#2183,#2182)
REPRESENTATION_RELATIONSHIP_WITH_TRANSFORMATION(#47)
SHAPE_REPRESENTATION_RELATIONSHIP()
);
#40=(
REPRESENTATION_RELATIONSHIP(' ',' ',#2184,#2182)
REPRESENTATION_RELATIONSHIP_WITH_TRANSFORMATION(#48)
SHAPE_REPRESENTATION_RELATIONSHIP()
);
#41=(
REPRESENTATION_RELATIONSHIP(' ',' ',#2185,#2182)
REPRESENTATION_RELATIONSHIP_WITH_TRANSFORMATION(#49)
SHAPE_REPRESENTATION_RELATIONSHIP()
);
#42=(
REPRESENTATION_RELATIONSHIP(' ',' ',#2186,#2182)
REPRESENTATION_RELATIONSHIP_WITH_TRANSFORMATION(#50)
SHAPE_REPRESENTATION_RELATIONSHIP()
);
#43=(
REPRESENTATION_RELATIONSHIP(' ',' ',#2186,#2182)
REPRESENTATION_RELATIONSHIP_WITH_TRANSFORMATION(#51)
SHAPE_REPRESENTATION_RELATIONSHIP()
);
#44=(
REPRESENTATION_RELATIONSHIP(' ',' ',#2187,#2182)
REPRESENTATION_RELATIONSHIP_WITH_TRANSFORMATION(#52)
SHAPE_REPRESENTATION_RELATIONSHIP()
);
#45=(
REPRESENTATION_RELATIONSHIP(' ',' ',#2184,#2182)
REPRESENTATION_RELATIONSHIP_WITH_TRANSFORMATION(#53)
SHAPE_REPRESENTATION_RELATIONSHIP()
);
#46=ITEM_DEFINED_TRANSFORMATION(' ',' ',#2188,#2227);
#47=ITEM_DEFINED_TRANSFORMATION(' ',' ',#2188,#2228);
#48=ITEM_DEFINED_TRANSFORMATION(' ',' ',#2188,#2261);
#49=ITEM_DEFINED_TRANSFORMATION(' ',' ',#2188,#2336);
#50=ITEM_DEFINED_TRANSFORMATION(' ',' ',#2188,#2342);
#51=ITEM_DEFINED_TRANSFORMATION(' ',' ',#2188,#2343);
#52=ITEM_DEFINED_TRANSFORMATION(' ',' ',#2188,#2359);
#53=ITEM_DEFINED_TRANSFORMATION(' ',' ',#2188,#2360);
#54=SHAPE_REPRESENTATION_RELATIONSHIP('','',#2183,#59);
#55=SHAPE_REPRESENTATION_RELATIONSHIP('','',#2184,#60);
#56=SHAPE_REPRESENTATION_RELATIONSHIP('','',#2185,#61);
#57=SHAPE_REPRESENTATION_RELATIONSHIP('','',#2186,#62);
#58=SHAPE_REPRESENTATION_RELATIONSHIP('','',#2187,#63);
#59=ADVANCED_BREP_SHAPE_REPRESENTATION('',(#2171),#3653);
#60=ADVANCED_BREP_SHAPE_REPRESENTATION('',(#2172),#3654);
#61=ADVANCED_BREP_SHAPE_REPRESENTATION('',(#2173),#3655);
#62=ADVANCED_BREP_SHAPE_REPRESENTATION('',(#2174),#3656);
#63=ADVANCED_BREP_SHAPE_REPRESENTATION('',(#2175),#3657);
#64=CYLINDRICAL_SURFACE('',#2218,0.008382);
#65=CYLINDRICAL_SURFACE('',#2219,0.008382);
#66=CYLINDRICAL_SURFACE('',#2220,0.00762);
#67=CYLINDRICAL_SURFACE('',#2221,0.00762);
#68=CYLINDRICAL_SURFACE('',#2222,0.00797173318295596);
#69=CYLINDRICAL_SURFACE('',#2223,0.00797173318295596);
#70=CYLINDRICAL_SURFACE('',#2224,0.00797173318295596);
#71=CYLINDRICAL_SURFACE('',#2225,0.00797173318295596);
#72=CYLINDRICAL_SURFACE('',#2226,0.001905);
#73=CYLINDRICAL_SURFACE('',#2253,0.00306605122421383);
#74=CYLINDRICAL_SURFACE('',#2254,0.00306605122421383);
#75=CYLINDRICAL_SURFACE('',#2255,0.00306605122421383);
#76=CYLINDRICAL_SURFACE('',#2256,0.00306605122421383);
#77=CYLINDRICAL_SURFACE('',#2257,0.00981136391748426);
#78=CYLINDRICAL_SURFACE('',#2258,0.00981136391748426);
#79=CYLINDRICAL_SURFACE('',#2259,0.001905);
#80=CYLINDRICAL_SURFACE('',#2260,0.001905);
#81=CYLINDRICAL_SURFACE('',#2316,0.008382);
#82=CYLINDRICAL_SURFACE('',#2319,0.008382);
#83=CYLINDRICAL_SURFACE('',#2322,0.008382);
#84=CYLINDRICAL_SURFACE('',#2325,0.008382);
#85=CYLINDRICAL_SURFACE('',#2328,0.005842);
#86=CYLINDRICAL_SURFACE('',#2330,0.005842);
#87=CYLINDRICAL_SURFACE('',#2332,0.005842);
#88=CYLINDRICAL_SURFACE('',#2334,0.005842);
#89=CYLINDRICAL_SURFACE('',#2337,0.0018542);
#90=CIRCLE('',#2191,0.001905);
#91=CIRCLE('',#2194,0.001905);
#92=CIRCLE('',#2196,0.00797173318295596);
#93=CIRCLE('',#2197,0.00797173318295596);
#94=CIRCLE('',#2198,0.00797173318295596);
#95=CIRCLE('',#2199,0.00797173318295596);
#96=CIRCLE('',#2205,0.00797173318295596);
#97=CIRCLE('',#2206,0.00797173318295596);
#98=CIRCLE('',#2207,0.00797173318295596);
#99=CIRCLE('',#2208,0.00797173318295596);
#100=CIRCLE('',#2209,0.00762);
#101=CIRCLE('',#2210,0.00762);
#102=CIRCLE('',#2211,0.008382);
#103=CIRCLE('',#2212,0.008382);
#104=CIRCLE('',#2214,0.00762);
#105=CIRCLE('',#2215,0.008382);
#106=CIRCLE('',#2216,0.008382);
#107=CIRCLE('',#2217,0.00762);
#108=CIRCLE('',#2230,0.001905);
#109=CIRCLE('',#2232,0.001905);
#110=CIRCLE('',#2234,0.00306605122421383);
#111=CIRCLE('',#2235,0.00306605122421383);
#112=CIRCLE('',#2236,0.00981136391748426);
#113=CIRCLE('',#2237,0.00981136391748426);
#114=CIRCLE('',#2238,0.00306605122421383);
#115=CIRCLE('',#2239,0.00306605122421383);
#116=CIRCLE('',#2241,0.00306605122421383);
#117=CIRCLE('',#2242,0.00306605122421383);
#118=CIRCLE('',#2243,0.00306605122421383);
#119=CIRCLE('',#2244,0.00306605122421383);
#120=CIRCLE('',#2245,0.00981136391748426);
#121=CIRCLE('',#2246,0.00981136391748426);
#122=CIRCLE('',#2249,0.001905);
#123=CIRCLE('',#2252,0.001905);
#124=CIRCLE('',#2265,0.005842);
#125=CIRCLE('',#2266,0.005842);
#126=CIRCLE('',#2267,0.005842);
#127=CIRCLE('',#2268,0.005842);
#128=CIRCLE('',#2329,0.005842);
#129=CIRCLE('',#2331,0.005842);
#130=CIRCLE('',#2333,0.005842);
#131=CIRCLE('',#2335,0.005842);
#132=CIRCLE('',#2338,0.0018542);
#133=CIRCLE('',#2339,0.0018542);
#134=ORIENTED_EDGE('',*,*,#712,.T.);
#135=ORIENTED_EDGE('',*,*,#713,.T.);
#136=ORIENTED_EDGE('',*,*,#714,.T.);
#137=ORIENTED_EDGE('',*,*,#715,.T.);
#138=ORIENTED_EDGE('',*,*,#716,.T.);
#139=ORIENTED_EDGE('',*,*,#717,.T.);
#140=ORIENTED_EDGE('',*,*,#718,.T.);
#141=ORIENTED_EDGE('',*,*,#719,.F.);
#142=ORIENTED_EDGE('',*,*,#720,.T.);
#143=ORIENTED_EDGE('',*,*,#721,.F.);
#144=ORIENTED_EDGE('',*,*,#722,.F.);
#145=ORIENTED_EDGE('',*,*,#723,.T.);
#146=ORIENTED_EDGE('',*,*,#724,.F.);
#147=ORIENTED_EDGE('',*,*,#725,.T.);
#148=ORIENTED_EDGE('',*,*,#726,.T.);
#149=ORIENTED_EDGE('',*,*,#727,.F.);
#150=ORIENTED_EDGE('',*,*,#728,.T.);
#151=ORIENTED_EDGE('',*,*,#729,.T.);
#152=ORIENTED_EDGE('',*,*,#730,.T.);
#153=ORIENTED_EDGE('',*,*,#731,.T.);
#154=ORIENTED_EDGE('',*,*,#714,.F.);
#155=ORIENTED_EDGE('',*,*,#732,.T.);
#156=ORIENTED_EDGE('',*,*,#719,.T.);
#157=ORIENTED_EDGE('',*,*,#733,.T.);
#158=ORIENTED_EDGE('',*,*,#722,.T.);
#159=ORIENTED_EDGE('',*,*,#734,.T.);
#160=ORIENTED_EDGE('',*,*,#731,.F.);
#161=ORIENTED_EDGE('',*,*,#735,.T.);
#162=ORIENTED_EDGE('',*,*,#736,.F.);
#163=ORIENTED_EDGE('',*,*,#737,.T.);
#164=ORIENTED_EDGE('',*,*,#738,.T.);
#165=ORIENTED_EDGE('',*,*,#739,.T.);
#166=ORIENTED_EDGE('',*,*,#740,.F.);
#167=ORIENTED_EDGE('',*,*,#741,.T.);
#168=ORIENTED_EDGE('',*,*,#742,.T.);
#169=ORIENTED_EDGE('',*,*,#743,.T.);
#170=ORIENTED_EDGE('',*,*,#744,.T.);
#171=ORIENTED_EDGE('',*,*,#745,.T.);
#172=ORIENTED_EDGE('',*,*,#746,.F.);
#173=ORIENTED_EDGE('',*,*,#747,.T.);
#174=ORIENTED_EDGE('',*,*,#748,.F.);
#175=ORIENTED_EDGE('',*,*,#749,.T.);
#176=ORIENTED_EDGE('',*,*,#750,.T.);
#177=ORIENTED_EDGE('',*,*,#751,.T.);
#178=ORIENTED_EDGE('',*,*,#712,.F.);
#179=ORIENTED_EDGE('',*,*,#752,.T.);
#180=ORIENTED_EDGE('',*,*,#729,.F.);
#181=ORIENTED_EDGE('',*,*,#753,.T.);
#182=ORIENTED_EDGE('',*,*,#724,.T.);
#183=ORIENTED_EDGE('',*,*,#754,.T.);
#184=ORIENTED_EDGE('',*,*,#721,.T.);
#185=ORIENTED_EDGE('',*,*,#755,.T.);
#186=ORIENTED_EDGE('',*,*,#742,.F.);
#187=ORIENTED_EDGE('',*,*,#756,.T.);
#188=ORIENTED_EDGE('',*,*,#736,.T.);
#189=ORIENTED_EDGE('',*,*,#757,.T.);
#190=ORIENTED_EDGE('',*,*,#748,.T.);
#191=ORIENTED_EDGE('',*,*,#758,.T.);
#192=ORIENTED_EDGE('',*,*,#746,.T.);
#193=ORIENTED_EDGE('',*,*,#759,.T.);
#194=ORIENTED_EDGE('',*,*,#738,.F.);
#195=ORIENTED_EDGE('',*,*,#760,.T.);
#196=ORIENTED_EDGE('',*,*,#740,.T.);
#197=ORIENTED_EDGE('',*,*,#761,.T.);
#198=ORIENTED_EDGE('',*,*,#744,.F.);
#199=ORIENTED_EDGE('',*,*,#762,.T.);
#200=ORIENTED_EDGE('',*,*,#750,.F.);
#201=ORIENTED_EDGE('',*,*,#763,.T.);
#202=ORIENTED_EDGE('',*,*,#759,.F.);
#203=ORIENTED_EDGE('',*,*,#745,.F.);
#204=ORIENTED_EDGE('',*,*,#761,.F.);
#205=ORIENTED_EDGE('',*,*,#743,.F.);
#206=ORIENTED_EDGE('',*,*,#758,.F.);
#207=ORIENTED_EDGE('',*,*,#751,.F.);
#208=ORIENTED_EDGE('',*,*,#762,.F.);
#209=ORIENTED_EDGE('',*,*,#747,.F.);
#210=ORIENTED_EDGE('',*,*,#756,.F.);
#211=ORIENTED_EDGE('',*,*,#741,.F.);
#212=ORIENTED_EDGE('',*,*,#760,.F.);
#213=ORIENTED_EDGE('',*,*,#737,.F.);
#214=ORIENTED_EDGE('',*,*,#757,.F.);
#215=ORIENTED_EDGE('',*,*,#739,.F.);
#216=ORIENTED_EDGE('',*,*,#763,.F.);
#217=ORIENTED_EDGE('',*,*,#749,.F.);
#218=ORIENTED_EDGE('',*,*,#732,.F.);
#219=ORIENTED_EDGE('',*,*,#713,.F.);
#220=ORIENTED_EDGE('',*,*,#755,.F.);
#221=ORIENTED_EDGE('',*,*,#720,.F.);
#222=ORIENTED_EDGE('',*,*,#733,.F.);
#223=ORIENTED_EDGE('',*,*,#718,.F.);
#224=ORIENTED_EDGE('',*,*,#716,.F.);
#225=ORIENTED_EDGE('',*,*,#754,.F.);
#226=ORIENTED_EDGE('',*,*,#723,.F.);
#227=ORIENTED_EDGE('',*,*,#734,.F.);
#228=ORIENTED_EDGE('',*,*,#725,.F.);
#229=ORIENTED_EDGE('',*,*,#753,.F.);
#230=ORIENTED_EDGE('',*,*,#728,.F.);
#231=ORIENTED_EDGE('',*,*,#726,.F.);
#232=ORIENTED_EDGE('',*,*,#735,.F.);
#233=ORIENTED_EDGE('',*,*,#730,.F.);
#234=ORIENTED_EDGE('',*,*,#752,.F.);
#235=ORIENTED_EDGE('',*,*,#715,.F.);
#236=ORIENTED_EDGE('',*,*,#727,.T.);
#237=ORIENTED_EDGE('',*,*,#717,.F.);
#238=ORIENTED_EDGE('',*,*,#764,.F.);
#239=ORIENTED_EDGE('',*,*,#765,.T.);
#240=ORIENTED_EDGE('',*,*,#766,.T.);
#241=ORIENTED_EDGE('',*,*,#767,.F.);
#242=ORIENTED_EDGE('',*,*,#768,.T.);
#243=ORIENTED_EDGE('',*,*,#769,.T.);
#244=ORIENTED_EDGE('',*,*,#770,.F.);
#245=ORIENTED_EDGE('',*,*,#771,.T.);
#246=ORIENTED_EDGE('',*,*,#772,.T.);
#247=ORIENTED_EDGE('',*,*,#773,.T.);
#248=ORIENTED_EDGE('',*,*,#772,.F.);
#249=ORIENTED_EDGE('',*,*,#774,.T.);
#250=ORIENTED_EDGE('',*,*,#775,.T.);
#251=ORIENTED_EDGE('',*,*,#767,.T.);
#252=ORIENTED_EDGE('',*,*,#776,.T.);
#253=ORIENTED_EDGE('',*,*,#777,.T.);
#254=ORIENTED_EDGE('',*,*,#778,.T.);
#255=ORIENTED_EDGE('',*,*,#779,.F.);
#256=ORIENTED_EDGE('',*,*,#780,.T.);
#257=ORIENTED_EDGE('',*,*,#781,.T.);
#258=ORIENTED_EDGE('',*,*,#782,.T.);
#259=ORIENTED_EDGE('',*,*,#783,.F.);
#260=ORIENTED_EDGE('',*,*,#784,.T.);
#261=ORIENTED_EDGE('',*,*,#785,.T.);
#262=ORIENTED_EDGE('',*,*,#770,.T.);
#263=ORIENTED_EDGE('',*,*,#786,.T.);
#264=ORIENTED_EDGE('',*,*,#787,.F.);
#265=ORIENTED_EDGE('',*,*,#788,.T.);
#266=ORIENTED_EDGE('',*,*,#789,.T.);
#267=ORIENTED_EDGE('',*,*,#790,.T.);
#268=ORIENTED_EDGE('',*,*,#791,.T.);
#269=ORIENTED_EDGE('',*,*,#792,.F.);
#270=ORIENTED_EDGE('',*,*,#793,.T.);
#271=ORIENTED_EDGE('',*,*,#765,.F.);
#272=ORIENTED_EDGE('',*,*,#773,.F.);
#273=ORIENTED_EDGE('',*,*,#783,.T.);
#274=ORIENTED_EDGE('',*,*,#794,.F.);
#275=ORIENTED_EDGE('',*,*,#786,.F.);
#276=ORIENTED_EDGE('',*,*,#795,.T.);
#277=ORIENTED_EDGE('',*,*,#782,.F.);
#278=ORIENTED_EDGE('',*,*,#796,.T.);
#279=ORIENTED_EDGE('',*,*,#787,.T.);
#280=ORIENTED_EDGE('',*,*,#794,.T.);
#281=ORIENTED_EDGE('',*,*,#777,.F.);
#282=ORIENTED_EDGE('',*,*,#797,.T.);
#283=ORIENTED_EDGE('',*,*,#792,.T.);
#284=ORIENTED_EDGE('',*,*,#798,.T.);
#285=ORIENTED_EDGE('',*,*,#799,.F.);
#286=ORIENTED_EDGE('',*,*,#779,.T.);
#287=ORIENTED_EDGE('',*,*,#800,.T.);
#288=ORIENTED_EDGE('',*,*,#790,.F.);
#289=ORIENTED_EDGE('',*,*,#801,.T.);
#290=ORIENTED_EDGE('',*,*,#768,.F.);
#291=ORIENTED_EDGE('',*,*,#775,.F.);
#292=ORIENTED_EDGE('',*,*,#802,.F.);
#293=ORIENTED_EDGE('',*,*,#784,.F.);
#294=ORIENTED_EDGE('',*,*,#774,.F.);
#295=ORIENTED_EDGE('',*,*,#771,.F.);
#296=ORIENTED_EDGE('',*,*,#785,.F.);
#297=ORIENTED_EDGE('',*,*,#802,.T.);
#298=ORIENTED_EDGE('',*,*,#796,.F.);
#299=ORIENTED_EDGE('',*,*,#781,.F.);
#300=ORIENTED_EDGE('',*,*,#803,.F.);
#301=ORIENTED_EDGE('',*,*,#788,.F.);
#302=ORIENTED_EDGE('',*,*,#780,.F.);
#303=ORIENTED_EDGE('',*,*,#801,.F.);
#304=ORIENTED_EDGE('',*,*,#789,.F.);
#305=ORIENTED_EDGE('',*,*,#803,.T.);
#306=ORIENTED_EDGE('',*,*,#793,.F.);
#307=ORIENTED_EDGE('',*,*,#797,.F.);
#308=ORIENTED_EDGE('',*,*,#776,.F.);
#309=ORIENTED_EDGE('',*,*,#766,.F.);
#310=ORIENTED_EDGE('',*,*,#791,.F.);
#311=ORIENTED_EDGE('',*,*,#800,.F.);
#312=ORIENTED_EDGE('',*,*,#778,.F.);
#313=ORIENTED_EDGE('',*,*,#798,.F.);
#314=ORIENTED_EDGE('',*,*,#799,.T.);
#315=ORIENTED_EDGE('',*,*,#795,.F.);
#316=ORIENTED_EDGE('',*,*,#764,.T.);
#317=ORIENTED_EDGE('',*,*,#769,.F.);
#318=ORIENTED_EDGE('',*,*,#804,.F.);
#319=ORIENTED_EDGE('',*,*,#805,.T.);
#320=ORIENTED_EDGE('',*,*,#806,.T.);
#321=ORIENTED_EDGE('',*,*,#807,.F.);
#322=ORIENTED_EDGE('',*,*,#808,.F.);
#323=ORIENTED_EDGE('',*,*,#809,.F.);
#324=ORIENTED_EDGE('',*,*,#810,.F.);
#325=ORIENTED_EDGE('',*,*,#811,.T.);
#326=ORIENTED_EDGE('',*,*,#812,.T.);
#327=ORIENTED_EDGE('',*,*,#813,.T.);
#328=ORIENTED_EDGE('',*,*,#814,.F.);
#329=ORIENTED_EDGE('',*,*,#815,.F.);
#330=ORIENTED_EDGE('',*,*,#816,.T.);
#331=ORIENTED_EDGE('',*,*,#817,.F.);
#332=ORIENTED_EDGE('',*,*,#818,.F.);
#333=ORIENTED_EDGE('',*,*,#819,.T.);
#334=ORIENTED_EDGE('',*,*,#820,.T.);
#335=ORIENTED_EDGE('',*,*,#821,.F.);
#336=ORIENTED_EDGE('',*,*,#822,.T.);
#337=ORIENTED_EDGE('',*,*,#823,.F.);
#338=ORIENTED_EDGE('',*,*,#824,.F.);
#339=ORIENTED_EDGE('',*,*,#825,.T.);
#340=ORIENTED_EDGE('',*,*,#826,.T.);
#341=ORIENTED_EDGE('',*,*,#827,.F.);
#342=ORIENTED_EDGE('',*,*,#828,.T.);
#343=ORIENTED_EDGE('',*,*,#829,.T.);
#344=ORIENTED_EDGE('',*,*,#830,.F.);
#345=ORIENTED_EDGE('',*,*,#831,.F.);
#346=ORIENTED_EDGE('',*,*,#832,.F.);
#347=ORIENTED_EDGE('',*,*,#833,.T.);
#348=ORIENTED_EDGE('',*,*,#834,.T.);
#349=ORIENTED_EDGE('',*,*,#835,.F.);
#350=ORIENTED_EDGE('',*,*,#836,.F.);
#351=ORIENTED_EDGE('',*,*,#837,.T.);
#352=ORIENTED_EDGE('',*,*,#838,.T.);
#353=ORIENTED_EDGE('',*,*,#839,.T.);
#354=ORIENTED_EDGE('',*,*,#840,.F.);
#355=ORIENTED_EDGE('',*,*,#841,.F.);
#356=ORIENTED_EDGE('',*,*,#842,.T.);
#357=ORIENTED_EDGE('',*,*,#843,.F.);
#358=ORIENTED_EDGE('',*,*,#844,.F.);
#359=ORIENTED_EDGE('',*,*,#845,.T.);
#360=ORIENTED_EDGE('',*,*,#846,.T.);
#361=ORIENTED_EDGE('',*,*,#847,.T.);
#362=ORIENTED_EDGE('',*,*,#848,.T.);
#363=ORIENTED_EDGE('',*,*,#849,.T.);
#364=ORIENTED_EDGE('',*,*,#850,.T.);
#365=ORIENTED_EDGE('',*,*,#851,.F.);
#366=ORIENTED_EDGE('',*,*,#852,.T.);
#367=ORIENTED_EDGE('',*,*,#853,.F.);
#368=ORIENTED_EDGE('',*,*,#854,.T.);
#369=ORIENTED_EDGE('',*,*,#855,.T.);
#370=ORIENTED_EDGE('',*,*,#814,.T.);
#371=ORIENTED_EDGE('',*,*,#856,.F.);
#372=ORIENTED_EDGE('',*,*,#829,.F.);
#373=ORIENTED_EDGE('',*,*,#834,.F.);
#374=ORIENTED_EDGE('',*,*,#857,.T.);
#375=ORIENTED_EDGE('',*,*,#858,.T.);
#376=ORIENTED_EDGE('',*,*,#859,.F.);
#377=ORIENTED_EDGE('',*,*,#830,.T.);
#378=ORIENTED_EDGE('',*,*,#856,.T.);
#379=ORIENTED_EDGE('',*,*,#813,.F.);
#380=ORIENTED_EDGE('',*,*,#860,.F.);
#381=ORIENTED_EDGE('',*,*,#861,.F.);
#382=ORIENTED_EDGE('',*,*,#862,.T.);
#383=ORIENTED_EDGE('',*,*,#809,.T.);
#384=ORIENTED_EDGE('',*,*,#863,.T.);
#385=ORIENTED_EDGE('',*,*,#821,.T.);
#386=ORIENTED_EDGE('',*,*,#864,.F.);
#387=ORIENTED_EDGE('',*,*,#865,.F.);
#388=ORIENTED_EDGE('',*,*,#866,.T.);
#389=ORIENTED_EDGE('',*,*,#867,.T.);
#390=ORIENTED_EDGE('',*,*,#815,.T.);
#391=ORIENTED_EDGE('',*,*,#855,.F.);
#392=ORIENTED_EDGE('',*,*,#828,.F.);
#393=ORIENTED_EDGE('',*,*,#868,.T.);
#394=ORIENTED_EDGE('',*,*,#869,.F.);
#395=ORIENTED_EDGE('',*,*,#870,.F.);
#396=ORIENTED_EDGE('',*,*,#824,.T.);
#397=ORIENTED_EDGE('',*,*,#871,.T.);
#398=ORIENTED_EDGE('',*,*,#819,.F.);
#399=ORIENTED_EDGE('',*,*,#872,.T.);
#400=ORIENTED_EDGE('',*,*,#873,.T.);
#401=ORIENTED_EDGE('',*,*,#847,.F.);
#402=ORIENTED_EDGE('',*,*,#874,.T.);
#403=ORIENTED_EDGE('',*,*,#875,.T.);
#404=ORIENTED_EDGE('',*,*,#876,.T.);
#405=ORIENTED_EDGE('',*,*,#877,.F.);
#406=ORIENTED_EDGE('',*,*,#878,.F.);
#407=ORIENTED_EDGE('',*,*,#879,.T.);
#408=ORIENTED_EDGE('',*,*,#880,.T.);
#409=ORIENTED_EDGE('',*,*,#853,.T.);
#410=ORIENTED_EDGE('',*,*,#881,.T.);
#411=ORIENTED_EDGE('',*,*,#849,.F.);
#412=ORIENTED_EDGE('',*,*,#882,.T.);
#413=ORIENTED_EDGE('',*,*,#883,.T.);
#414=ORIENTED_EDGE('',*,*,#884,.T.);
#415=ORIENTED_EDGE('',*,*,#885,.T.);
#416=ORIENTED_EDGE('',*,*,#886,.T.);
#417=ORIENTED_EDGE('',*,*,#887,.T.);
#418=ORIENTED_EDGE('',*,*,#888,.T.);
#419=ORIENTED_EDGE('',*,*,#835,.T.);
#420=ORIENTED_EDGE('',*,*,#864,.T.);
#421=ORIENTED_EDGE('',*,*,#820,.F.);
#422=ORIENTED_EDGE('',*,*,#871,.F.);
#423=ORIENTED_EDGE('',*,*,#889,.F.);
#424=ORIENTED_EDGE('',*,*,#890,.F.);
#425=ORIENTED_EDGE('',*,*,#804,.T.);
#426=ORIENTED_EDGE('',*,*,#891,.T.);
#427=ORIENTED_EDGE('',*,*,#890,.T.);
#428=ORIENTED_EDGE('',*,*,#892,.T.);
#429=ORIENTED_EDGE('',*,*,#893,.F.);
#430=ORIENTED_EDGE('',*,*,#805,.F.);
#431=ORIENTED_EDGE('',*,*,#893,.T.);
#432=ORIENTED_EDGE('',*,*,#894,.T.);
#433=ORIENTED_EDGE('',*,*,#895,.F.);
#434=ORIENTED_EDGE('',*,*,#806,.F.);
#435=ORIENTED_EDGE('',*,*,#896,.F.);
#436=ORIENTED_EDGE('',*,*,#891,.F.);
#437=ORIENTED_EDGE('',*,*,#807,.T.);
#438=ORIENTED_EDGE('',*,*,#895,.T.);
#439=ORIENTED_EDGE('',*,*,#897,.T.);
#440=ORIENTED_EDGE('',*,*,#875,.F.);
#441=ORIENTED_EDGE('',*,*,#898,.F.);
#442=ORIENTED_EDGE('',*,*,#846,.F.);
#443=ORIENTED_EDGE('',*,*,#899,.F.);
#444=ORIENTED_EDGE('',*,*,#900,.F.);
#445=ORIENTED_EDGE('',*,*,#901,.T.);
#446=ORIENTED_EDGE('',*,*,#902,.T.);
#447=ORIENTED_EDGE('',*,*,#836,.T.);
#448=ORIENTED_EDGE('',*,*,#898,.T.);
#449=ORIENTED_EDGE('',*,*,#878,.T.);
#450=ORIENTED_EDGE('',*,*,#844,.T.);
#451=ORIENTED_EDGE('',*,*,#899,.T.);
#452=ORIENTED_EDGE('',*,*,#877,.T.);
#453=ORIENTED_EDGE('',*,*,#903,.F.);
#454=ORIENTED_EDGE('',*,*,#903,.T.);
#455=ORIENTED_EDGE('',*,*,#876,.F.);
#456=ORIENTED_EDGE('',*,*,#897,.F.);
#457=ORIENTED_EDGE('',*,*,#845,.F.);
#458=ORIENTED_EDGE('',*,*,#904,.F.);
#459=ORIENTED_EDGE('',*,*,#826,.F.);
#460=ORIENTED_EDGE('',*,*,#905,.T.);
#461=ORIENTED_EDGE('',*,*,#869,.T.);
#462=ORIENTED_EDGE('',*,*,#825,.F.);
#463=ORIENTED_EDGE('',*,*,#870,.T.);
#464=ORIENTED_EDGE('',*,*,#905,.F.);
#465=ORIENTED_EDGE('',*,*,#817,.T.);
#466=ORIENTED_EDGE('',*,*,#906,.T.);
#467=ORIENTED_EDGE('',*,*,#866,.F.);
#468=ORIENTED_EDGE('',*,*,#907,.F.);
#469=ORIENTED_EDGE('',*,*,#907,.T.);
#470=ORIENTED_EDGE('',*,*,#865,.T.);
#471=ORIENTED_EDGE('',*,*,#818,.T.);
#472=ORIENTED_EDGE('',*,*,#908,.F.);
#473=ORIENTED_EDGE('',*,*,#811,.F.);
#474=ORIENTED_EDGE('',*,*,#909,.T.);
#475=ORIENTED_EDGE('',*,*,#861,.T.);
#476=ORIENTED_EDGE('',*,*,#810,.T.);
#477=ORIENTED_EDGE('',*,*,#862,.F.);
#478=ORIENTED_EDGE('',*,*,#909,.F.);
#479=ORIENTED_EDGE('',*,*,#832,.T.);
#480=ORIENTED_EDGE('',*,*,#910,.T.);
#481=ORIENTED_EDGE('',*,*,#858,.F.);
#482=ORIENTED_EDGE('',*,*,#911,.F.);
#483=ORIENTED_EDGE('',*,*,#911,.T.);
#484=ORIENTED_EDGE('',*,*,#857,.F.);
#485=ORIENTED_EDGE('',*,*,#833,.F.);
#486=ORIENTED_EDGE('',*,*,#910,.F.);
#487=ORIENTED_EDGE('',*,*,#831,.T.);
#488=ORIENTED_EDGE('',*,*,#859,.T.);
#489=ORIENTED_EDGE('',*,*,#812,.F.);
#490=ORIENTED_EDGE('',*,*,#908,.T.);
#491=ORIENTED_EDGE('',*,*,#860,.T.);
#492=ORIENTED_EDGE('',*,*,#906,.F.);
#493=ORIENTED_EDGE('',*,*,#816,.F.);
#494=ORIENTED_EDGE('',*,*,#867,.F.);
#495=ORIENTED_EDGE('',*,*,#827,.T.);
#496=ORIENTED_EDGE('',*,*,#904,.T.);
#497=ORIENTED_EDGE('',*,*,#868,.F.);
#498=ORIENTED_EDGE('',*,*,#843,.T.);
#499=ORIENTED_EDGE('',*,*,#912,.F.);
#500=ORIENTED_EDGE('',*,*,#913,.F.);
#501=ORIENTED_EDGE('',*,*,#900,.T.);
#502=ORIENTED_EDGE('',*,*,#842,.F.);
#503=ORIENTED_EDGE('',*,*,#914,.F.);
#504=ORIENTED_EDGE('',*,*,#915,.T.);
#505=ORIENTED_EDGE('',*,*,#912,.T.);
#506=ORIENTED_EDGE('',*,*,#841,.T.);
#507=ORIENTED_EDGE('',*,*,#916,.F.);
#508=ORIENTED_EDGE('',*,*,#917,.F.);
#509=ORIENTED_EDGE('',*,*,#914,.T.);
#510=ORIENTED_EDGE('',*,*,#840,.T.);
#511=ORIENTED_EDGE('',*,*,#918,.F.);
#512=ORIENTED_EDGE('',*,*,#919,.F.);
#513=ORIENTED_EDGE('',*,*,#916,.T.);
#514=ORIENTED_EDGE('',*,*,#839,.F.);
#515=ORIENTED_EDGE('',*,*,#920,.F.);
#516=ORIENTED_EDGE('',*,*,#921,.T.);
#517=ORIENTED_EDGE('',*,*,#918,.T.);
#518=ORIENTED_EDGE('',*,*,#838,.F.);
#519=ORIENTED_EDGE('',*,*,#922,.F.);
#520=ORIENTED_EDGE('',*,*,#923,.T.);
#521=ORIENTED_EDGE('',*,*,#920,.T.);
#522=ORIENTED_EDGE('',*,*,#837,.F.);
#523=ORIENTED_EDGE('',*,*,#902,.F.);
#524=ORIENTED_EDGE('',*,*,#924,.T.);
#525=ORIENTED_EDGE('',*,*,#922,.T.);
#526=ORIENTED_EDGE('',*,*,#901,.F.);
#527=ORIENTED_EDGE('',*,*,#913,.T.);
#528=ORIENTED_EDGE('',*,*,#915,.F.);
#529=ORIENTED_EDGE('',*,*,#917,.T.);
#530=ORIENTED_EDGE('',*,*,#919,.T.);
#531=ORIENTED_EDGE('',*,*,#921,.F.);
#532=ORIENTED_EDGE('',*,*,#923,.F.);
#533=ORIENTED_EDGE('',*,*,#924,.F.);
#534=ORIENTED_EDGE('',*,*,#925,.T.);
#535=ORIENTED_EDGE('',*,*,#926,.T.);
#536=ORIENTED_EDGE('',*,*,#851,.T.);
#537=ORIENTED_EDGE('',*,*,#927,.T.);
#538=ORIENTED_EDGE('',*,*,#928,.F.);
#539=ORIENTED_EDGE('',*,*,#929,.T.);
#540=ORIENTED_EDGE('',*,*,#930,.F.);
#541=ORIENTED_EDGE('',*,*,#931,.F.);
#542=ORIENTED_EDGE('',*,*,#928,.T.);
#543=ORIENTED_EDGE('',*,*,#932,.F.);
#544=ORIENTED_EDGE('',*,*,#933,.F.);
#545=ORIENTED_EDGE('',*,*,#934,.T.);
#546=ORIENTED_EDGE('',*,*,#929,.F.);
#547=ORIENTED_EDGE('',*,*,#934,.F.);
#548=ORIENTED_EDGE('',*,*,#935,.T.);
#549=ORIENTED_EDGE('',*,*,#936,.T.);
#550=ORIENTED_EDGE('',*,*,#930,.T.);
#551=ORIENTED_EDGE('',*,*,#936,.F.);
#552=ORIENTED_EDGE('',*,*,#937,.F.);
#553=ORIENTED_EDGE('',*,*,#938,.T.);
#554=ORIENTED_EDGE('',*,*,#931,.T.);
#555=ORIENTED_EDGE('',*,*,#938,.F.);
#556=ORIENTED_EDGE('',*,*,#939,.F.);
#557=ORIENTED_EDGE('',*,*,#932,.T.);
#558=ORIENTED_EDGE('',*,*,#933,.T.);
#559=ORIENTED_EDGE('',*,*,#939,.T.);
#560=ORIENTED_EDGE('',*,*,#937,.T.);
#561=ORIENTED_EDGE('',*,*,#935,.F.);
#562=ORIENTED_EDGE('',*,*,#892,.F.);
#563=ORIENTED_EDGE('',*,*,#889,.T.);
#564=ORIENTED_EDGE('',*,*,#896,.T.);
#565=ORIENTED_EDGE('',*,*,#894,.F.);
#566=ORIENTED_EDGE('',*,*,#940,.F.);
#567=ORIENTED_EDGE('',*,*,#941,.T.);
#568=ORIENTED_EDGE('',*,*,#942,.T.);
#569=ORIENTED_EDGE('',*,*,#863,.F.);
#570=ORIENTED_EDGE('',*,*,#941,.F.);
#571=ORIENTED_EDGE('',*,*,#943,.F.);
#572=ORIENTED_EDGE('',*,*,#944,.T.);
#573=ORIENTED_EDGE('',*,*,#945,.T.);
#574=ORIENTED_EDGE('',*,*,#940,.T.);
#575=ORIENTED_EDGE('',*,*,#808,.T.);
#576=ORIENTED_EDGE('',*,*,#946,.F.);
#577=ORIENTED_EDGE('',*,*,#947,.F.);
#578=ORIENTED_EDGE('',*,*,#943,.T.);
#579=ORIENTED_EDGE('',*,*,#823,.T.);
#580=ORIENTED_EDGE('',*,*,#948,.F.);
#581=ORIENTED_EDGE('',*,*,#949,.F.);
#582=ORIENTED_EDGE('',*,*,#946,.T.);
#583=ORIENTED_EDGE('',*,*,#942,.F.);
#584=ORIENTED_EDGE('',*,*,#945,.F.);
#585=ORIENTED_EDGE('',*,*,#950,.T.);
#586=ORIENTED_EDGE('',*,*,#948,.T.);
#587=ORIENTED_EDGE('',*,*,#822,.F.);
#588=ORIENTED_EDGE('',*,*,#944,.F.);
#589=ORIENTED_EDGE('',*,*,#947,.T.);
#590=ORIENTED_EDGE('',*,*,#949,.T.);
#591=ORIENTED_EDGE('',*,*,#950,.F.);
#592=ORIENTED_EDGE('',*,*,#885,.F.);
#593=ORIENTED_EDGE('',*,*,#951,.T.);
#594=ORIENTED_EDGE('',*,*,#879,.F.);
#595=ORIENTED_EDGE('',*,*,#952,.T.);
#596=ORIENTED_EDGE('',*,*,#888,.F.);
#597=ORIENTED_EDGE('',*,*,#953,.T.);
#598=ORIENTED_EDGE('',*,*,#872,.F.);
#599=ORIENTED_EDGE('',*,*,#954,.T.);
#600=ORIENTED_EDGE('',*,*,#886,.F.);
#601=ORIENTED_EDGE('',*,*,#955,.T.);
#602=ORIENTED_EDGE('',*,*,#925,.F.);
#603=ORIENTED_EDGE('',*,*,#956,.T.);
#604=ORIENTED_EDGE('',*,*,#883,.F.);
#605=ORIENTED_EDGE('',*,*,#957,.T.);
#606=ORIENTED_EDGE('',*,*,#887,.F.);
#607=ORIENTED_EDGE('',*,*,#958,.T.);
#608=ORIENTED_EDGE('',*,*,#848,.F.);
#609=ORIENTED_EDGE('',*,*,#873,.F.);
#610=ORIENTED_EDGE('',*,*,#959,.F.);
#611=ORIENTED_EDGE('',*,*,#882,.F.);
#612=ORIENTED_EDGE('',*,*,#959,.T.);
#613=ORIENTED_EDGE('',*,*,#953,.F.);
#614=ORIENTED_EDGE('',*,*,#957,.F.);
#615=ORIENTED_EDGE('',*,*,#854,.F.);
#616=ORIENTED_EDGE('',*,*,#880,.F.);
#617=ORIENTED_EDGE('',*,*,#960,.F.);
#618=ORIENTED_EDGE('',*,*,#874,.F.);
#619=ORIENTED_EDGE('',*,*,#960,.T.);
#620=ORIENTED_EDGE('',*,*,#951,.F.);
#621=ORIENTED_EDGE('',*,*,#954,.F.);
#622=ORIENTED_EDGE('',*,*,#852,.F.);
#623=ORIENTED_EDGE('',*,*,#926,.F.);
#624=ORIENTED_EDGE('',*,*,#961,.F.);
#625=ORIENTED_EDGE('',*,*,#881,.F.);
#626=ORIENTED_EDGE('',*,*,#955,.F.);
#627=ORIENTED_EDGE('',*,*,#952,.F.);
#628=ORIENTED_EDGE('',*,*,#961,.T.);
#629=ORIENTED_EDGE('',*,*,#850,.F.);
#630=ORIENTED_EDGE('',*,*,#884,.F.);
#631=ORIENTED_EDGE('',*,*,#962,.F.);
#632=ORIENTED_EDGE('',*,*,#927,.F.);
#633=ORIENTED_EDGE('',*,*,#958,.F.);
#634=ORIENTED_EDGE('',*,*,#956,.F.);
#635=ORIENTED_EDGE('',*,*,#962,.T.);
#636=ORIENTED_EDGE('',*,*,#963,.F.);
#637=ORIENTED_EDGE('',*,*,#964,.T.);
#638=ORIENTED_EDGE('',*,*,#963,.T.);
#639=ORIENTED_EDGE('',*,*,#964,.F.);
#640=ORIENTED_EDGE('',*,*,#965,.F.);
#641=ORIENTED_EDGE('',*,*,#966,.T.);
#642=ORIENTED_EDGE('',*,*,#967,.T.);
#643=ORIENTED_EDGE('',*,*,#968,.F.);
#644=ORIENTED_EDGE('',*,*,#969,.T.);
#645=ORIENTED_EDGE('',*,*,#970,.T.);
#646=ORIENTED_EDGE('',*,*,#971,.F.);
#647=ORIENTED_EDGE('',*,*,#972,.F.);
#648=ORIENTED_EDGE('',*,*,#973,.F.);
#649=ORIENTED_EDGE('',*,*,#974,.T.);
#650=ORIENTED_EDGE('',*,*,#975,.F.);
#651=ORIENTED_EDGE('',*,*,#976,.F.);
#652=ORIENTED_EDGE('',*,*,#977,.F.);
#653=ORIENTED_EDGE('',*,*,#978,.F.);
#654=ORIENTED_EDGE('',*,*,#965,.T.);
#655=ORIENTED_EDGE('',*,*,#979,.T.);
#656=ORIENTED_EDGE('',*,*,#980,.T.);
#657=ORIENTED_EDGE('',*,*,#981,.F.);
#658=ORIENTED_EDGE('',*,*,#966,.F.);
#659=ORIENTED_EDGE('',*,*,#978,.T.);
#660=ORIENTED_EDGE('',*,*,#982,.T.);
#661=ORIENTED_EDGE('',*,*,#983,.F.);
#662=ORIENTED_EDGE('',*,*,#967,.F.);
#663=ORIENTED_EDGE('',*,*,#981,.T.);
#664=ORIENTED_EDGE('',*,*,#984,.F.);
#665=ORIENTED_EDGE('',*,*,#979,.F.);
#666=ORIENTED_EDGE('',*,*,#968,.T.);
#667=ORIENTED_EDGE('',*,*,#983,.T.);
#668=ORIENTED_EDGE('',*,*,#977,.T.);
#669=ORIENTED_EDGE('',*,*,#984,.T.);
#670=ORIENTED_EDGE('',*,*,#982,.F.);
#671=ORIENTED_EDGE('',*,*,#980,.F.);
#672=ORIENTED_EDGE('',*,*,#970,.F.);
#673=ORIENTED_EDGE('',*,*,#985,.F.);
#674=ORIENTED_EDGE('',*,*,#986,.T.);
#675=ORIENTED_EDGE('',*,*,#987,.T.);
#676=ORIENTED_EDGE('',*,*,#969,.F.);
#677=ORIENTED_EDGE('',*,*,#988,.F.);
#678=ORIENTED_EDGE('',*,*,#989,.T.);
#679=ORIENTED_EDGE('',*,*,#985,.T.);
#680=ORIENTED_EDGE('',*,*,#976,.T.);
#681=ORIENTED_EDGE('',*,*,#990,.F.);
#682=ORIENTED_EDGE('',*,*,#991,.F.);
#683=ORIENTED_EDGE('',*,*,#988,.T.);
#684=ORIENTED_EDGE('',*,*,#975,.T.);
#685=ORIENTED_EDGE('',*,*,#992,.F.);
#686=ORIENTED_EDGE('',*,*,#993,.F.);
#687=ORIENTED_EDGE('',*,*,#990,.T.);
#688=ORIENTED_EDGE('',*,*,#974,.F.);
#689=ORIENTED_EDGE('',*,*,#994,.F.);
#690=ORIENTED_EDGE('',*,*,#995,.T.);
#691=ORIENTED_EDGE('',*,*,#992,.T.);
#692=ORIENTED_EDGE('',*,*,#973,.T.);
#693=ORIENTED_EDGE('',*,*,#996,.F.);
#694=ORIENTED_EDGE('',*,*,#997,.F.);
#695=ORIENTED_EDGE('',*,*,#994,.T.);
#696=ORIENTED_EDGE('',*,*,#972,.T.);
#697=ORIENTED_EDGE('',*,*,#998,.F.);
#698=ORIENTED_EDGE('',*,*,#999,.F.);
#699=ORIENTED_EDGE('',*,*,#996,.T.);
#700=ORIENTED_EDGE('',*,*,#971,.T.);
#701=ORIENTED_EDGE('',*,*,#987,.F.);
#702=ORIENTED_EDGE('',*,*,#1000,.F.);
#703=ORIENTED_EDGE('',*,*,#998,.T.);
#704=ORIENTED_EDGE('',*,*,#986,.F.);
#705=ORIENTED_EDGE('',*,*,#989,.F.);
#706=ORIENTED_EDGE('',*,*,#991,.T.);
#707=ORIENTED_EDGE('',*,*,#993,.T.);
#708=ORIENTED_EDGE('',*,*,#995,.F.);
#709=ORIENTED_EDGE('',*,*,#997,.T.);
#710=ORIENTED_EDGE('',*,*,#999,.T.);
#711=ORIENTED_EDGE('',*,*,#1000,.T.);
#712=EDGE_CURVE('',#1001,#1002,#1190,.T.);
#713=EDGE_CURVE('',#1002,#1003,#1191,.F.);
#714=EDGE_CURVE('',#1003,#1004,#1192,.T.);
#715=EDGE_CURVE('',#1004,#1001,#1193,.T.);
#716=EDGE_CURVE('',#1005,#1006,#1194,.F.);
#717=EDGE_CURVE('',#1006,#1006,#90,.T.);
#718=EDGE_CURVE('',#1006,#1007,#1195,.F.);
#719=EDGE_CURVE('',#1008,#1007,#1196,.T.);
#720=EDGE_CURVE('',#1008,#1009,#1197,.T.);
#721=EDGE_CURVE('',#1005,#1009,#1198,.T.);
#722=EDGE_CURVE('',#1010,#1011,#1199,.T.);
#723=EDGE_CURVE('',#1010,#1012,#1200,.T.);
#724=EDGE_CURVE('',#1013,#1012,#1201,.T.);
#725=EDGE_CURVE('',#1013,#1011,#1202,.F.);
#726=EDGE_CURVE('',#1014,#1015,#1203,.T.);
#727=EDGE_CURVE('',#1015,#1015,#91,.T.);
#728=EDGE_CURVE('',#1015,#1016,#1204,.T.);
#729=EDGE_CURVE('',#1016,#1017,#1205,.T.);
#730=EDGE_CURVE('',#1017,#1018,#1206,.F.);
#731=EDGE_CURVE('',#1018,#1014,#1207,.T.);
#732=EDGE_CURVE('',#1003,#1008,#92,.T.);
#733=EDGE_CURVE('',#1007,#1010,#93,.T.);
#734=EDGE_CURVE('',#1011,#1014,#94,.T.);
#735=EDGE_CURVE('',#1018,#1004,#95,.T.);
#736=EDGE_CURVE('',#1019,#1020,#1208,.T.);
#737=EDGE_CURVE('',#1019,#1021,#1209,.T.);
#738=EDGE_CURVE('',#1021,#1022,#1210,.T.);
#739=EDGE_CURVE('',#1022,#1020,#1211,.F.);
#740=EDGE_CURVE('',#1023,#1024,#1212,.T.);
#741=EDGE_CURVE('',#1023,#1025,#1213,.F.);
#742=EDGE_CURVE('',#1025,#1026,#1214,.T.);
#743=EDGE_CURVE('',#1026,#1024,#1215,.T.);
#744=EDGE_CURVE('',#1027,#1028,#1216,.T.);
#745=EDGE_CURVE('',#1028,#1029,#1217,.F.);
#746=EDGE_CURVE('',#1030,#1029,#1218,.T.);
#747=EDGE_CURVE('',#1030,#1027,#1219,.T.);
#748=EDGE_CURVE('',#1031,#1032,#1220,.T.);
#749=EDGE_CURVE('',#1031,#1033,#1221,.T.);
#750=EDGE_CURVE('',#1033,#1034,#1222,.T.);
#751=EDGE_CURVE('',#1034,#1032,#1223,.F.);
#752=EDGE_CURVE('',#1001,#1017,#96,.T.);
#753=EDGE_CURVE('',#1016,#1013,#97,.T.);
#754=EDGE_CURVE('',#1012,#1005,#98,.T.);
#755=EDGE_CURVE('',#1009,#1002,#99,.T.);
#756=EDGE_CURVE('',#1025,#1019,#100,.F.);
#757=EDGE_CURVE('',#1020,#1031,#101,.F.);
#758=EDGE_CURVE('',#1032,#1030,#102,.F.);
#759=EDGE_CURVE('',#1029,#1026,#103,.F.);
#760=EDGE_CURVE('',#1021,#1023,#104,.F.);
#761=EDGE_CURVE('',#1024,#1028,#105,.F.);
#762=EDGE_CURVE('',#1027,#1034,#106,.F.);
#763=EDGE_CURVE('',#1033,#1022,#107,.F.);
#764=EDGE_CURVE('',#1035,#1035,#108,.T.);
#765=EDGE_CURVE('',#1036,#1037,#1224,.T.);
#766=EDGE_CURVE('',#1037,#1038,#1225,.T.);
#767=EDGE_CURVE('',#1039,#1038,#1226,.T.);
#768=EDGE_CURVE('',#1039,#1036,#1227,.T.);
#769=EDGE_CURVE('',#1040,#1040,#109,.T.);
#770=EDGE_CURVE('',#1041,#1042,#1228,.T.);
#771=EDGE_CURVE('',#1041,#1043,#1229,.F.);
#772=EDGE_CURVE('',#1043,#1044,#1230,.T.);
#773=EDGE_CURVE('',#1044,#1042,#1231,.T.);
#774=EDGE_CURVE('',#1043,#1045,#110,.T.);
#775=EDGE_CURVE('',#1045,#1039,#111,.T.);
#776=EDGE_CURVE('',#1038,#1046,#112,.F.);
#777=EDGE_CURVE('',#1046,#1047,#1232,.T.);
#778=EDGE_CURVE('',#1047,#1048,#113,.F.);
#779=EDGE_CURVE('',#1049,#1048,#1233,.T.);
#780=EDGE_CURVE('',#1049,#1050,#114,.T.);
#781=EDGE_CURVE('',#1050,#1051,#115,.T.);
#782=EDGE_CURVE('',#1051,#1052,#1234,.T.);
#783=EDGE_CURVE('',#1044,#1052,#1235,.T.);
#784=EDGE_CURVE('',#1036,#1053,#116,.F.);
#785=EDGE_CURVE('',#1053,#1041,#117,.F.);
#786=EDGE_CURVE('',#1042,#1054,#1236,.T.);
#787=EDGE_CURVE('',#1055,#1054,#1237,.T.);
#788=EDGE_CURVE('',#1055,#1056,#118,.F.);
#789=EDGE_CURVE('',#1056,#1057,#119,.F.);
#790=EDGE_CURVE('',#1057,#1058,#1238,.T.);
#791=EDGE_CURVE('',#1058,#1059,#120,.T.);
#792=EDGE_CURVE('',#1060,#1059,#1239,.T.);
#793=EDGE_CURVE('',#1060,#1037,#121,.T.);
#794=EDGE_CURVE('',#1054,#1052,#1240,.T.);
#795=EDGE_CURVE('',#1061,#1061,#122,.T.);
#796=EDGE_CURVE('',#1051,#1055,#1241,.T.);
#797=EDGE_CURVE('',#1046,#1060,#1242,.F.);
#798=EDGE_CURVE('',#1059,#1047,#1243,.T.);
#799=EDGE_CURVE('',#1062,#1062,#123,.T.);
#800=EDGE_CURVE('',#1048,#1058,#1244,.F.);
#801=EDGE_CURVE('',#1057,#1049,#1245,.F.);
#802=EDGE_CURVE('',#1053,#1045,#1246,.T.);
#803=EDGE_CURVE('',#1056,#1050,#1247,.F.);
#804=EDGE_CURVE('',#1063,#1064,#1248,.T.);
#805=EDGE_CURVE('',#1063,#1065,#1249,.T.);
#806=EDGE_CURVE('',#1065,#1066,#1250,.T.);
#807=EDGE_CURVE('',#1064,#1066,#1251,.T.);
#808=EDGE_CURVE('',#1067,#1068,#1252,.T.);
#809=EDGE_CURVE('',#1069,#1067,#1253,.T.);
#810=EDGE_CURVE('',#1070,#1069,#1254,.T.);
#811=EDGE_CURVE('',#1070,#1071,#1255,.T.);
#812=EDGE_CURVE('',#1071,#1072,#1256,.T.);
#813=EDGE_CURVE('',#1072,#1073,#1257,.T.);
#814=EDGE_CURVE('',#1074,#1073,#1258,.T.);
#815=EDGE_CURVE('',#1075,#1074,#1259,.T.);
#816=EDGE_CURVE('',#1075,#1076,#1260,.T.);
#817=EDGE_CURVE('',#1077,#1076,#1261,.T.);
#818=EDGE_CURVE('',#1078,#1077,#1262,.T.);
#819=EDGE_CURVE('',#1078,#1079,#1263,.T.);
#820=EDGE_CURVE('',#1079,#1080,#1264,.T.);
#821=EDGE_CURVE('',#1081,#1080,#1265,.T.);
#822=EDGE_CURVE('',#1081,#1082,#1266,.T.);
#823=EDGE_CURVE('',#1068,#1082,#1267,.T.);
#824=EDGE_CURVE('',#1083,#1084,#1268,.T.);
#825=EDGE_CURVE('',#1083,#1085,#1269,.T.);
#826=EDGE_CURVE('',#1085,#1086,#1270,.T.);
#827=EDGE_CURVE('',#1087,#1086,#1271,.T.);
#828=EDGE_CURVE('',#1087,#1088,#1272,.T.);
#829=EDGE_CURVE('',#1088,#1089,#1273,.T.);
#830=EDGE_CURVE('',#1090,#1089,#1274,.T.);
#831=EDGE_CURVE('',#1091,#1090,#1275,.T.);
#832=EDGE_CURVE('',#1092,#1091,#1276,.T.);
#833=EDGE_CURVE('',#1092,#1093,#1277,.T.);
#834=EDGE_CURVE('',#1093,#1094,#1278,.T.);
#835=EDGE_CURVE('',#1084,#1094,#1279,.T.);
#836=EDGE_CURVE('',#1095,#1096,#1280,.T.);
#837=EDGE_CURVE('',#1095,#1097,#1281,.T.);
#838=EDGE_CURVE('',#1097,#1098,#1282,.T.);
#839=EDGE_CURVE('',#1098,#1099,#1283,.T.);
#840=EDGE_CURVE('',#1100,#1099,#1284,.T.);
#841=EDGE_CURVE('',#1101,#1100,#1285,.T.);
#842=EDGE_CURVE('',#1101,#1102,#1286,.T.);
#843=EDGE_CURVE('',#1103,#1102,#1287,.T.);
#844=EDGE_CURVE('',#1104,#1103,#1288,.T.);
#845=EDGE_CURVE('',#1104,#1105,#1289,.T.);
#846=EDGE_CURVE('',#1105,#1096,#1290,.T.);
#847=EDGE_CURVE('',#1106,#1107,#1291,.T.);
#848=EDGE_CURVE('',#1107,#1108,#124,.T.);
#849=EDGE_CURVE('',#1108,#1109,#1292,.T.);
#850=EDGE_CURVE('',#1109,#1110,#125,.T.);
#851=EDGE_CURVE('',#1111,#1110,#1293,.T.);
#852=EDGE_CURVE('',#1111,#1112,#126,.T.);
#853=EDGE_CURVE('',#1113,#1112,#1294,.T.);
#854=EDGE_CURVE('',#1113,#1106,#127,.T.);
#855=EDGE_CURVE('',#1088,#1074,#1295,.T.);
#856=EDGE_CURVE('',#1089,#1073,#1296,.T.);
#857=EDGE_CURVE('',#1093,#1114,#1297,.T.);
#858=EDGE_CURVE('',#1114,#1115,#1298,.T.);
#859=EDGE_CURVE('',#1090,#1115,#1299,.T.);
#860=EDGE_CURVE('',#1116,#1072,#1300,.T.);
#861=EDGE_CURVE('',#1117,#1116,#1301,.T.);
#862=EDGE_CURVE('',#1117,#1069,#1302,.T.);
#863=EDGE_CURVE('',#1067,#1081,#1303,.T.);
#864=EDGE_CURVE('',#1094,#1080,#1304,.T.);
#865=EDGE_CURVE('',#1118,#1078,#1305,.T.);
#866=EDGE_CURVE('',#1118,#1119,#1306,.T.);
#867=EDGE_CURVE('',#1119,#1075,#1307,.T.);
#868=EDGE_CURVE('',#1087,#1120,#1308,.T.);
#869=EDGE_CURVE('',#1121,#1120,#1309,.T.);
#870=EDGE_CURVE('',#1083,#1121,#1310,.T.);
#871=EDGE_CURVE('',#1084,#1079,#1311,.T.);
#872=EDGE_CURVE('',#1122,#1123,#1312,.T.);
#873=EDGE_CURVE('',#1123,#1107,#1313,.F.);
#874=EDGE_CURVE('',#1106,#1122,#1314,.T.);
#875=EDGE_CURVE('',#1124,#1125,#1315,.T.);
#876=EDGE_CURVE('',#1125,#1126,#1316,.T.);
#877=EDGE_CURVE('',#1127,#1126,#1317,.T.);
#878=EDGE_CURVE('',#1124,#1127,#1318,.T.);
#879=EDGE_CURVE('',#1128,#1129,#1319,.F.);
#880=EDGE_CURVE('',#1129,#1113,#1320,.F.);
#881=EDGE_CURVE('',#1112,#1128,#1321,.T.);
#882=EDGE_CURVE('',#1108,#1130,#1322,.T.);
#883=EDGE_CURVE('',#1130,#1131,#1323,.T.);
#884=EDGE_CURVE('',#1131,#1109,#1324,.F.);
#885=EDGE_CURVE('',#1132,#1133,#1325,.T.);
#886=EDGE_CURVE('',#1133,#1134,#1326,.T.);
#887=EDGE_CURVE('',#1134,#1135,#1327,.F.);
#888=EDGE_CURVE('',#1135,#1132,#1328,.F.);
#889=EDGE_CURVE('',#1136,#1137,#1329,.T.);
#890=EDGE_CURVE('',#1063,#1136,#1330,.T.);
#891=EDGE_CURVE('',#1064,#1137,#1331,.T.);
#892=EDGE_CURVE('',#1136,#1138,#1332,.T.);
#893=EDGE_CURVE('',#1065,#1138,#1333,.T.);
#894=EDGE_CURVE('',#1138,#1139,#1334,.T.);
#895=EDGE_CURVE('',#1066,#1139,#1335,.T.);
#896=EDGE_CURVE('',#1137,#1139,#1336,.T.);
#897=EDGE_CURVE('',#1105,#1125,#1337,.T.);
#898=EDGE_CURVE('',#1096,#1124,#1338,.T.);
#899=EDGE_CURVE('',#1103,#1127,#1339,.T.);
#900=EDGE_CURVE('',#1140,#1103,#1340,.T.);
#901=EDGE_CURVE('',#1140,#1141,#1341,.T.);
#902=EDGE_CURVE('',#1141,#1095,#1342,.T.);
#903=EDGE_CURVE('',#1104,#1126,#1343,.T.);
#904=EDGE_CURVE('',#1086,#1120,#1344,.T.);
#905=EDGE_CURVE('',#1085,#1121,#1345,.T.);
#906=EDGE_CURVE('',#1076,#1119,#1346,.T.);
#907=EDGE_CURVE('',#1077,#1118,#1347,.T.);
#908=EDGE_CURVE('',#1071,#1116,#1348,.T.);
#909=EDGE_CURVE('',#1070,#1117,#1349,.T.);
#910=EDGE_CURVE('',#1091,#1115,#1350,.T.);
#911=EDGE_CURVE('',#1092,#1114,#1351,.T.);
#912=EDGE_CURVE('',#1142,#1102,#1352,.T.);
#913=EDGE_CURVE('',#1140,#1142,#1353,.T.);
#914=EDGE_CURVE('',#1143,#1101,#1354,.T.);
#915=EDGE_CURVE('',#1143,#1142,#1355,.T.);
#916=EDGE_CURVE('',#1144,#1100,#1356,.T.);
#917=EDGE_CURVE('',#1143,#1144,#1357,.T.);
#918=EDGE_CURVE('',#1145,#1099,#1358,.T.);
#919=EDGE_CURVE('',#1144,#1145,#1359,.T.);
#920=EDGE_CURVE('',#1146,#1098,#1360,.T.);
#921=EDGE_CURVE('',#1146,#1145,#1361,.T.);
#922=EDGE_CURVE('',#1147,#1097,#1362,.T.);
#923=EDGE_CURVE('',#1147,#1146,#1363,.T.);
#924=EDGE_CURVE('',#1141,#1147,#1364,.T.);
#925=EDGE_CURVE('',#1148,#1149,#1365,.F.);
#926=EDGE_CURVE('',#1149,#1111,#1366,.F.);
#927=EDGE_CURVE('',#1110,#1148,#1367,.T.);
#928=EDGE_CURVE('',#1150,#1151,#1368,.T.);
#929=EDGE_CURVE('',#1150,#1152,#1369,.T.);
#930=EDGE_CURVE('',#1153,#1152,#1370,.T.);
#931=EDGE_CURVE('',#1151,#1153,#1371,.T.);
#932=EDGE_CURVE('',#1154,#1151,#1372,.T.);
#933=EDGE_CURVE('',#1155,#1154,#1373,.T.);
#934=EDGE_CURVE('',#1155,#1150,#1374,.T.);
#935=EDGE_CURVE('',#1155,#1156,#1375,.T.);
#936=EDGE_CURVE('',#1156,#1152,#1376,.T.);
#937=EDGE_CURVE('',#1157,#1156,#1377,.T.);
#938=EDGE_CURVE('',#1157,#1153,#1378,.T.);
#939=EDGE_CURVE('',#1154,#1157,#1379,.T.);
#940=EDGE_CURVE('',#1158,#1067,#1380,.T.);
#941=EDGE_CURVE('',#1158,#1159,#1381,.T.);
#942=EDGE_CURVE('',#1159,#1081,#1382,.T.);
#943=EDGE_CURVE('',#1160,#1158,#1383,.T.);
#944=EDGE_CURVE('',#1160,#1161,#1384,.T.);
#945=EDGE_CURVE('',#1161,#1159,#1385,.T.);
#946=EDGE_CURVE('',#1162,#1068,#1386,.T.);
#947=EDGE_CURVE('',#1160,#1162,#1387,.T.);
#948=EDGE_CURVE('',#1163,#1082,#1388,.T.);
#949=EDGE_CURVE('',#1162,#1163,#1389,.T.);
#950=EDGE_CURVE('',#1161,#1163,#1390,.T.);
#951=EDGE_CURVE('',#1132,#1129,#14,.T.);
#952=EDGE_CURVE('',#1128,#1133,#15,.F.);
#953=EDGE_CURVE('',#1135,#1123,#16,.T.);
#954=EDGE_CURVE('',#1122,#1132,#17,.F.);
#955=EDGE_CURVE('',#1133,#1149,#18,.T.);
#956=EDGE_CURVE('',#1148,#1134,#19,.F.);
#957=EDGE_CURVE('',#1130,#1135,#20,.F.);
#958=EDGE_CURVE('',#1134,#1131,#21,.T.);
#959=EDGE_CURVE('',#1130,#1123,#128,.T.);
#960=EDGE_CURVE('',#1122,#1129,#129,.T.);
#961=EDGE_CURVE('',#1128,#1149,#130,.T.);
#962=EDGE_CURVE('',#1148,#1131,#131,.T.);
#963=EDGE_CURVE('',#1164,#1164,#132,.T.);
#964=EDGE_CURVE('',#1165,#1165,#133,.T.);
#965=EDGE_CURVE('',#1166,#1167,#1391,.T.);
#966=EDGE_CURVE('',#1166,#1168,#1392,.T.);
#967=EDGE_CURVE('',#1168,#1169,#1393,.T.);
#968=EDGE_CURVE('',#1167,#1169,#1394,.T.);
#969=EDGE_CURVE('',#1170,#1171,#1395,.T.);
#970=EDGE_CURVE('',#1171,#1172,#1396,.T.);
#971=EDGE_CURVE('',#1173,#1172,#1397,.T.);
#972=EDGE_CURVE('',#1174,#1173,#1398,.T.);
#973=EDGE_CURVE('',#1175,#1174,#1399,.T.);
#974=EDGE_CURVE('',#1175,#1176,#1400,.T.);
#975=EDGE_CURVE('',#1177,#1176,#1401,.T.);
#976=EDGE_CURVE('',#1170,#1177,#1402,.T.);
#977=EDGE_CURVE('',#1178,#1179,#1403,.T.);
#978=EDGE_CURVE('',#1166,#1178,#1404,.T.);
#979=EDGE_CURVE('',#1167,#1179,#1405,.T.);
#980=EDGE_CURVE('',#1178,#1180,#1406,.T.);
#981=EDGE_CURVE('',#1168,#1180,#1407,.T.);
#982=EDGE_CURVE('',#1180,#1181,#1408,.T.);
#983=EDGE_CURVE('',#1169,#1181,#1409,.T.);
#984=EDGE_CURVE('',#1179,#1181,#1410,.T.);
#985=EDGE_CURVE('',#1182,#1171,#1411,.T.);
#986=EDGE_CURVE('',#1182,#1183,#1412,.T.);
#987=EDGE_CURVE('',#1183,#1172,#1413,.T.);
#988=EDGE_CURVE('',#1184,#1170,#1414,.T.);
#989=EDGE_CURVE('',#1184,#1182,#1415,.T.);
#990=EDGE_CURVE('',#1185,#1177,#1416,.T.);
#991=EDGE_CURVE('',#1184,#1185,#1417,.T.);
#992=EDGE_CURVE('',#1186,#1176,#1418,.T.);
#993=EDGE_CURVE('',#1185,#1186,#1419,.T.);
#994=EDGE_CURVE('',#1187,#1175,#1420,.T.);
#995=EDGE_CURVE('',#1187,#1186,#1421,.T.);
#996=EDGE_CURVE('',#1188,#1174,#1422,.T.);
#997=EDGE_CURVE('',#1187,#1188,#1423,.T.);
#998=EDGE_CURVE('',#1189,#1173,#1424,.T.);
#999=EDGE_CURVE('',#1188,#1189,#1425,.T.);
#1000=EDGE_CURVE('',#1189,#1183,#1426,.T.);
#1001=VERTEX_POINT('',#2947);
#1002=VERTEX_POINT('',#2948);
#1003=VERTEX_POINT('',#2950);
#1004=VERTEX_POINT('',#2952);
#1005=VERTEX_POINT('',#2956);
#1006=VERTEX_POINT('',#2957);
#1007=VERTEX_POINT('',#2960);
#1008=VERTEX_POINT('',#2962);
#1009=VERTEX_POINT('',#2964);
#1010=VERTEX_POINT('',#2968);
#1011=VERTEX_POINT('',#2969);
#1012=VERTEX_POINT('',#2971);
#1013=VERTEX_POINT('',#2973);
#1014=VERTEX_POINT('',#2977);
#1015=VERTEX_POINT('',#2978);
#1016=VERTEX_POINT('',#2981);
#1017=VERTEX_POINT('',#2983);
#1018=VERTEX_POINT('',#2985);
#1019=VERTEX_POINT('',#2994);
#1020=VERTEX_POINT('',#2995);
#1021=VERTEX_POINT('',#2997);
#1022=VERTEX_POINT('',#2999);
#1023=VERTEX_POINT('',#3003);
#1024=VERTEX_POINT('',#3004);
#1025=VERTEX_POINT('',#3006);
#1026=VERTEX_POINT('',#3008);
#1027=VERTEX_POINT('',#3012);
#1028=VERTEX_POINT('',#3013);
#1029=VERTEX_POINT('',#3015);
#1030=VERTEX_POINT('',#3017);
#1031=VERTEX_POINT('',#3021);
#1032=VERTEX_POINT('',#3022);
#1033=VERTEX_POINT('',#3024);
#1034=VERTEX_POINT('',#3026);
#1035=VERTEX_POINT('',#3055);
#1036=VERTEX_POINT('',#3057);
#1037=VERTEX_POINT('',#3058);
#1038=VERTEX_POINT('',#3060);
#1039=VERTEX_POINT('',#3062);
#1040=VERTEX_POINT('',#3066);
#1041=VERTEX_POINT('',#3068);
#1042=VERTEX_POINT('',#3069);
#1043=VERTEX_POINT('',#3071);
#1044=VERTEX_POINT('',#3073);
#1045=VERTEX_POINT('',#3077);
#1046=VERTEX_POINT('',#3080);
#1047=VERTEX_POINT('',#3082);
#1048=VERTEX_POINT('',#3084);
#1049=VERTEX_POINT('',#3086);
#1050=VERTEX_POINT('',#3088);
#1051=VERTEX_POINT('',#3090);
#1052=VERTEX_POINT('',#3092);
#1053=VERTEX_POINT('',#3096);
#1054=VERTEX_POINT('',#3099);
#1055=VERTEX_POINT('',#3101);
#1056=VERTEX_POINT('',#3103);
#1057=VERTEX_POINT('',#3105);
#1058=VERTEX_POINT('',#3107);
#1059=VERTEX_POINT('',#3109);
#1060=VERTEX_POINT('',#3111);
#1061=VERTEX_POINT('',#3117);
#1062=VERTEX_POINT('',#3124);
#1063=VERTEX_POINT('',#3140);
#1064=VERTEX_POINT('',#3141);
#1065=VERTEX_POINT('',#3143);
#1066=VERTEX_POINT('',#3145);
#1067=VERTEX_POINT('',#3148);
#1068=VERTEX_POINT('',#3149);
#1069=VERTEX_POINT('',#3151);
#1070=VERTEX_POINT('',#3153);
#1071=VERTEX_POINT('',#3155);
#1072=VERTEX_POINT('',#3157);
#1073=VERTEX_POINT('',#3159);
#1074=VERTEX_POINT('',#3161);
#1075=VERTEX_POINT('',#3163);
#1076=VERTEX_POINT('',#3165);
#1077=VERTEX_POINT('',#3167);
#1078=VERTEX_POINT('',#3169);
#1079=VERTEX_POINT('',#3171);
#1080=VERTEX_POINT('',#3173);
#1081=VERTEX_POINT('',#3175);
#1082=VERTEX_POINT('',#3177);
#1083=VERTEX_POINT('',#3181);
#1084=VERTEX_POINT('',#3182);
#1085=VERTEX_POINT('',#3184);
#1086=VERTEX_POINT('',#3186);
#1087=VERTEX_POINT('',#3188);
#1088=VERTEX_POINT('',#3190);
#1089=VERTEX_POINT('',#3192);
#1090=VERTEX_POINT('',#3194);
#1091=VERTEX_POINT('',#3196);
#1092=VERTEX_POINT('',#3198);
#1093=VERTEX_POINT('',#3200);
#1094=VERTEX_POINT('',#3202);
#1095=VERTEX_POINT('',#3205);
#1096=VERTEX_POINT('',#3206);
#1097=VERTEX_POINT('',#3208);
#1098=VERTEX_POINT('',#3210);
#1099=VERTEX_POINT('',#3212);
#1100=VERTEX_POINT('',#3214);
#1101=VERTEX_POINT('',#3216);
#1102=VERTEX_POINT('',#3218);
#1103=VERTEX_POINT('',#3220);
#1104=VERTEX_POINT('',#3222);
#1105=VERTEX_POINT('',#3224);
#1106=VERTEX_POINT('',#3228);
#1107=VERTEX_POINT('',#3229);
#1108=VERTEX_POINT('',#3231);
#1109=VERTEX_POINT('',#3233);
#1110=VERTEX_POINT('',#3235);
#1111=VERTEX_POINT('',#3237);
#1112=VERTEX_POINT('',#3239);
#1113=VERTEX_POINT('',#3241);
#1114=VERTEX_POINT('',#3247);
#1115=VERTEX_POINT('',#3249);
#1116=VERTEX_POINT('',#3252);
#1117=VERTEX_POINT('',#3254);
#1118=VERTEX_POINT('',#3260);
#1119=VERTEX_POINT('',#3262);
#1120=VERTEX_POINT('',#3265);
#1121=VERTEX_POINT('',#3267);
#1122=VERTEX_POINT('',#3272);
#1123=VERTEX_POINT('',#3273);
#1124=VERTEX_POINT('',#3277);
#1125=VERTEX_POINT('',#3278);
#1126=VERTEX_POINT('',#3280);
#1127=VERTEX_POINT('',#3282);
#1128=VERTEX_POINT('',#3286);
#1129=VERTEX_POINT('',#3287);
#1130=VERTEX_POINT('',#3292);
#1131=VERTEX_POINT('',#3294);
#1132=VERTEX_POINT('',#3298);
#1133=VERTEX_POINT('',#3299);
#1134=VERTEX_POINT('',#3301);
#1135=VERTEX_POINT('',#3303);
#1136=VERTEX_POINT('',#3308);
#1137=VERTEX_POINT('',#3309);
#1138=VERTEX_POINT('',#3314);
#1139=VERTEX_POINT('',#3318);
#1140=VERTEX_POINT('',#3328);
#1141=VERTEX_POINT('',#3330);
#1142=VERTEX_POINT('',#3357);
#1143=VERTEX_POINT('',#3361);
#1144=VERTEX_POINT('',#3365);
#1145=VERTEX_POINT('',#3369);
#1146=VERTEX_POINT('',#3373);
#1147=VERTEX_POINT('',#3377);
#1148=VERTEX_POINT('',#3384);
#1149=VERTEX_POINT('',#3385);
#1150=VERTEX_POINT('',#3389);
#1151=VERTEX_POINT('',#3390);
#1152=VERTEX_POINT('',#3392);
#1153=VERTEX_POINT('',#3394);
#1154=VERTEX_POINT('',#3398);
#1155=VERTEX_POINT('',#3400);
#1156=VERTEX_POINT('',#3404);
#1157=VERTEX_POINT('',#3408);
#1158=VERTEX_POINT('',#3415);
#1159=VERTEX_POINT('',#3417);
#1160=VERTEX_POINT('',#3421);
#1161=VERTEX_POINT('',#3423);
#1162=VERTEX_POINT('',#3427);
#1163=VERTEX_POINT('',#3431);
#1164=VERTEX_POINT('',#3567);
#1165=VERTEX_POINT('',#3569);
#1166=VERTEX_POINT('',#3576);
#1167=VERTEX_POINT('',#3577);
#1168=VERTEX_POINT('',#3579);
#1169=VERTEX_POINT('',#3581);
#1170=VERTEX_POINT('',#3584);
#1171=VERTEX_POINT('',#3585);
#1172=VERTEX_POINT('',#3587);
#1173=VERTEX_POINT('',#3589);
#1174=VERTEX_POINT('',#3591);
#1175=VERTEX_POINT('',#3593);
#1176=VERTEX_POINT('',#3595);
#1177=VERTEX_POINT('',#3597);
#1178=VERTEX_POINT('',#3601);
#1179=VERTEX_POINT('',#3602);
#1180=VERTEX_POINT('',#3607);
#1181=VERTEX_POINT('',#3611);
#1182=VERTEX_POINT('',#3618);
#1183=VERTEX_POINT('',#3620);
#1184=VERTEX_POINT('',#3624);
#1185=VERTEX_POINT('',#3628);
#1186=VERTEX_POINT('',#3632);
#1187=VERTEX_POINT('',#3636);
#1188=VERTEX_POINT('',#3640);
#1189=VERTEX_POINT('',#3644);
#1190=LINE('',#2946,#1427);
#1191=LINE('',#2949,#1428);
#1192=LINE('',#2951,#1429);
#1193=LINE('',#2953,#1430);
#1194=LINE('',#2955,#1431);
#1195=LINE('',#2959,#1432);
#1196=LINE('',#2961,#1433);
#1197=LINE('',#2963,#1434);
#1198=LINE('',#2965,#1435);
#1199=LINE('',#2967,#1436);
#1200=LINE('',#2970,#1437);
#1201=LINE('',#2972,#1438);
#1202=LINE('',#2974,#1439);
#1203=LINE('',#2976,#1440);
#1204=LINE('',#2980,#1441);
#1205=LINE('',#2982,#1442);
#1206=LINE('',#2984,#1443);
#1207=LINE('',#2986,#1444);
#1208=LINE('',#2993,#1445);
#1209=LINE('',#2996,#1446);
#1210=LINE('',#2998,#1447);
#1211=LINE('',#3000,#1448);
#1212=LINE('',#3002,#1449);
#1213=LINE('',#3005,#1450);
#1214=LINE('',#3007,#1451);
#1215=LINE('',#3009,#1452);
#1216=LINE('',#3011,#1453);
#1217=LINE('',#3014,#1454);
#1218=LINE('',#3016,#1455);
#1219=LINE('',#3018,#1456);
#1220=LINE('',#3020,#1457);
#1221=LINE('',#3023,#1458);
#1222=LINE('',#3025,#1459);
#1223=LINE('',#3027,#1460);
#1224=LINE('',#3056,#1461);
#1225=LINE('',#3059,#1462);
#1226=LINE('',#3061,#1463);
#1227=LINE('',#3063,#1464);
#1228=LINE('',#3067,#1465);
#1229=LINE('',#3070,#1466);
#1230=LINE('',#3072,#1467);
#1231=LINE('',#3074,#1468);
#1232=LINE('',#3081,#1469);
#1233=LINE('',#3085,#1470);
#1234=LINE('',#3091,#1471);
#1235=LINE('',#3093,#1472);
#1236=LINE('',#3098,#1473);
#1237=LINE('',#3100,#1474);
#1238=LINE('',#3106,#1475);
#1239=LINE('',#3110,#1476);
#1240=LINE('',#3114,#1477);
#1241=LINE('',#3118,#1478);
#1242=LINE('',#3120,#1479);
#1243=LINE('',#3121,#1480);
#1244=LINE('',#3125,#1481);
#1245=LINE('',#3126,#1482);
#1246=LINE('',#3128,#1483);
#1247=LINE('',#3131,#1484);
#1248=LINE('',#3139,#1485);
#1249=LINE('',#3142,#1486);
#1250=LINE('',#3144,#1487);
#1251=LINE('',#3146,#1488);
#1252=LINE('',#3147,#1489);
#1253=LINE('',#3150,#1490);
#1254=LINE('',#3152,#1491);
#1255=LINE('',#3154,#1492);
#1256=LINE('',#3156,#1493);
#1257=LINE('',#3158,#1494);
#1258=LINE('',#3160,#1495);
#1259=LINE('',#3162,#1496);
#1260=LINE('',#3164,#1497);
#1261=LINE('',#3166,#1498);
#1262=LINE('',#3168,#1499);
#1263=LINE('',#3170,#1500);
#1264=LINE('',#3172,#1501);
#1265=LINE('',#3174,#1502);
#1266=LINE('',#3176,#1503);
#1267=LINE('',#3178,#1504);
#1268=LINE('',#3180,#1505);
#1269=LINE('',#3183,#1506);
#1270=LINE('',#3185,#1507);
#1271=LINE('',#3187,#1508);
#1272=LINE('',#3189,#1509);
#1273=LINE('',#3191,#1510);
#1274=LINE('',#3193,#1511);
#1275=LINE('',#3195,#1512);
#1276=LINE('',#3197,#1513);
#1277=LINE('',#3199,#1514);
#1278=LINE('',#3201,#1515);
#1279=LINE('',#3203,#1516);
#1280=LINE('',#3204,#1517);
#1281=LINE('',#3207,#1518);
#1282=LINE('',#3209,#1519);
#1283=LINE('',#3211,#1520);
#1284=LINE('',#3213,#1521);
#1285=LINE('',#3215,#1522);
#1286=LINE('',#3217,#1523);
#1287=LINE('',#3219,#1524);
#1288=LINE('',#3221,#1525);
#1289=LINE('',#3223,#1526);
#1290=LINE('',#3225,#1527);
#1291=LINE('',#3227,#1528);
#1292=LINE('',#3232,#1529);
#1293=LINE('',#3236,#1530);
#1294=LINE('',#3240,#1531);
#1295=LINE('',#3243,#1532);
#1296=LINE('',#3244,#1533);
#1297=LINE('',#3246,#1534);
#1298=LINE('',#3248,#1535);
#1299=LINE('',#3250,#1536);
#1300=LINE('',#3251,#1537);
#1301=LINE('',#3253,#1538);
#1302=LINE('',#3255,#1539);
#1303=LINE('',#3256,#1540);
#1304=LINE('',#3257,#1541);
#1305=LINE('',#3259,#1542);
#1306=LINE('',#3261,#1543);
#1307=LINE('',#3263,#1544);
#1308=LINE('',#3264,#1545);
#1309=LINE('',#3266,#1546);
#1310=LINE('',#3268,#1547);
#1311=LINE('',#3269,#1548);
#1312=LINE('',#3271,#1549);
#1313=LINE('',#3274,#1550);
#1314=LINE('',#3275,#1551);
#1315=LINE('',#3276,#1552);
#1316=LINE('',#3279,#1553);
#1317=LINE('',#3281,#1554);
#1318=LINE('',#3283,#1555);
#1319=LINE('',#3285,#1556);
#1320=LINE('',#3288,#1557);
#1321=LINE('',#3289,#1558);
#1322=LINE('',#3291,#1559);
#1323=LINE('',#3293,#1560);
#1324=LINE('',#3295,#1561);
#1325=LINE('',#3297,#1562);
#1326=LINE('',#3300,#1563);
#1327=LINE('',#3302,#1564);
#1328=LINE('',#3304,#1565);
#1329=LINE('',#3307,#1566);
#1330=LINE('',#3310,#1567);
#1331=LINE('',#3311,#1568);
#1332=LINE('',#3313,#1569);
#1333=LINE('',#3315,#1570);
#1334=LINE('',#3317,#1571);
#1335=LINE('',#3319,#1572);
#1336=LINE('',#3321,#1573);
#1337=LINE('',#3323,#1574);
#1338=LINE('',#3324,#1575);
#1339=LINE('',#3326,#1576);
#1340=LINE('',#3327,#1577);
#1341=LINE('',#3329,#1578);
#1342=LINE('',#3331,#1579);
#1343=LINE('',#3333,#1580);
#1344=LINE('',#3336,#1581);
#1345=LINE('',#3337,#1582);
#1346=LINE('',#3340,#1583);
#1347=LINE('',#3341,#1584);
#1348=LINE('',#3344,#1585);
#1349=LINE('',#3345,#1586);
#1350=LINE('',#3348,#1587);
#1351=LINE('',#3349,#1588);
#1352=LINE('',#3356,#1589);
#1353=LINE('',#3358,#1590);
#1354=LINE('',#3360,#1591);
#1355=LINE('',#3362,#1592);
#1356=LINE('',#3364,#1593);
#1357=LINE('',#3366,#1594);
#1358=LINE('',#3368,#1595);
#1359=LINE('',#3370,#1596);
#1360=LINE('',#3372,#1597);
#1361=LINE('',#3374,#1598);
#1362=LINE('',#3376,#1599);
#1363=LINE('',#3378,#1600);
#1364=LINE('',#3380,#1601);
#1365=LINE('',#3383,#1602);
#1366=LINE('',#3386,#1603);
#1367=LINE('',#3387,#1604);
#1368=LINE('',#3388,#1605);
#1369=LINE('',#3391,#1606);
#1370=LINE('',#3393,#1607);
#1371=LINE('',#3395,#1608);
#1372=LINE('',#3397,#1609);
#1373=LINE('',#3399,#1610);
#1374=LINE('',#3401,#1611);
#1375=LINE('',#3403,#1612);
#1376=LINE('',#3405,#1613);
#1377=LINE('',#3407,#1614);
#1378=LINE('',#3409,#1615);
#1379=LINE('',#3411,#1616);
#1380=LINE('',#3414,#1617);
#1381=LINE('',#3416,#1618);
#1382=LINE('',#3418,#1619);
#1383=LINE('',#3420,#1620);
#1384=LINE('',#3422,#1621);
#1385=LINE('',#3424,#1622);
#1386=LINE('',#3426,#1623);
#1387=LINE('',#3428,#1624);
#1388=LINE('',#3430,#1625);
#1389=LINE('',#3432,#1626);
#1390=LINE('',#3434,#1627);
#1391=LINE('',#3575,#1628);
#1392=LINE('',#3578,#1629);
#1393=LINE('',#3580,#1630);
#1394=LINE('',#3582,#1631);
#1395=LINE('',#3583,#1632);
#1396=LINE('',#3586,#1633);
#1397=LINE('',#3588,#1634);
#1398=LINE('',#3590,#1635);
#1399=LINE('',#3592,#1636);
#1400=LINE('',#3594,#1637);
#1401=LINE('',#3596,#1638);
#1402=LINE('',#3598,#1639);
#1403=LINE('',#3600,#1640);
#1404=LINE('',#3603,#1641);
#1405=LINE('',#3604,#1642);
#1406=LINE('',#3606,#1643);
#1407=LINE('',#3608,#1644);
#1408=LINE('',#3610,#1645);
#1409=LINE('',#3612,#1646);
#1410=LINE('',#3614,#1647);
#1411=LINE('',#3617,#1648);
#1412=LINE('',#3619,#1649);
#1413=LINE('',#3621,#1650);
#1414=LINE('',#3623,#1651);
#1415=LINE('',#3625,#1652);
#1416=LINE('',#3627,#1653);
#1417=LINE('',#3629,#1654);
#1418=LINE('',#3631,#1655);
#1419=LINE('',#3633,#1656);
#1420=LINE('',#3635,#1657);
#1421=LINE('',#3637,#1658);
#1422=LINE('',#3639,#1659);
#1423=LINE('',#3641,#1660);
#1424=LINE('',#3643,#1661);
#1425=LINE('',#3645,#1662);
#1426=LINE('',#3647,#1663);
#1427=VECTOR('',#2365,1.);
#1428=VECTOR('',#2366,1.);
#1429=VECTOR('',#2367,1.);
#1430=VECTOR('',#2368,1.);
#1431=VECTOR('',#2371,1.);
#1432=VECTOR('',#2374,1.);
#1433=VECTOR('',#2375,1.);
#1434=VECTOR('',#2376,1.);
#1435=VECTOR('',#2377,1.);
#1436=VECTOR('',#2380,1.);
#1437=VECTOR('',#2381,1.);
#1438=VECTOR('',#2382,1.);
#1439=VECTOR('',#2383,1.);
#1440=VECTOR('',#2386,1.);
#1441=VECTOR('',#2389,1.);
#1442=VECTOR('',#2390,1.);
#1443=VECTOR('',#2391,1.);
#1444=VECTOR('',#2392,1.);
#1445=VECTOR('',#2405,1.);
#1446=VECTOR('',#2406,1.);
#1447=VECTOR('',#2407,1.);
#1448=VECTOR('',#2408,1.);
#1449=VECTOR('',#2411,1.);
#1450=VECTOR('',#2412,1.);
#1451=VECTOR('',#2413,1.);
#1452=VECTOR('',#2414,1.);
#1453=VECTOR('',#2417,1.);
#1454=VECTOR('',#2418,1.);
#1455=VECTOR('',#2419,1.);
#1456=VECTOR('',#2420,1.);
#1457=VECTOR('',#2423,1.);
#1458=VECTOR('',#2424,1.);
#1459=VECTOR('',#2425,1.);
#1460=VECTOR('',#2426,1.);
#1461=VECTOR('',#2481,1.);
#1462=VECTOR('',#2482,1.);
#1463=VECTOR('',#2483,1.);
#1464=VECTOR('',#2484,1.);
#1465=VECTOR('',#2489,1.);
#1466=VECTOR('',#2490,1.);
#1467=VECTOR('',#2491,1.);
#1468=VECTOR('',#2492,1.);
#1469=VECTOR('',#2501,1.);
#1470=VECTOR('',#2504,1.);
#1471=VECTOR('',#2509,1.);
#1472=VECTOR('',#2510,1.);
#1473=VECTOR('',#2517,1.);
#1474=VECTOR('',#2518,1.);
#1475=VECTOR('',#2523,1.);
#1476=VECTOR('',#2526,1.);
#1477=VECTOR('',#2531,1.);
#1478=VECTOR('',#2536,1.);
#1479=VECTOR('',#2539,1.);
#1480=VECTOR('',#2540,1.);
#1481=VECTOR('',#2545,1.);
#1482=VECTOR('',#2546,1.);
#1483=VECTOR('',#2549,1.);
#1484=VECTOR('',#2554,1.);
#1485=VECTOR('',#2569,1.);
#1486=VECTOR('',#2570,1.);
#1487=VECTOR('',#2571,1.);
#1488=VECTOR('',#2572,1.);
#1489=VECTOR('',#2573,1.);
#1490=VECTOR('',#2574,1.);
#1491=VECTOR('',#2575,1.);
#1492=VECTOR('',#2576,1.);
#1493=VECTOR('',#2577,1.);
#1494=VECTOR('',#2578,1.);
#1495=VECTOR('',#2579,1.);
#1496=VECTOR('',#2580,1.);
#1497=VECTOR('',#2581,1.);
#1498=VECTOR('',#2582,1.);
#1499=VECTOR('',#2583,1.);
#1500=VECTOR('',#2584,1.);
#1501=VECTOR('',#2585,1.);
#1502=VECTOR('',#2586,1.);
#1503=VECTOR('',#2587,1.);
#1504=VECTOR('',#2588,1.);
#1505=VECTOR('',#2591,1.);
#1506=VECTOR('',#2592,1.);
#1507=VECTOR('',#2593,1.);
#1508=VECTOR('',#2594,1.);
#1509=VECTOR('',#2595,1.);
#1510=VECTOR('',#2596,1.);
#1511=VECTOR('',#2597,1.);
#1512=VECTOR('',#2598,1.);
#1513=VECTOR('',#2599,1.);
#1514=VECTOR('',#2600,1.);
#1515=VECTOR('',#2601,1.);
#1516=VECTOR('',#2602,1.);
#1517=VECTOR('',#2603,1.);
#1518=VECTOR('',#2604,1.);
#1519=VECTOR('',#2605,1.);
#1520=VECTOR('',#2606,1.);
#1521=VECTOR('',#2607,1.);
#1522=VECTOR('',#2608,1.);
#1523=VECTOR('',#2609,1.);
#1524=VECTOR('',#2610,1.);
#1525=VECTOR('',#2611,1.);
#1526=VECTOR('',#2612,1.);
#1527=VECTOR('',#2613,1.);
#1528=VECTOR('',#2616,1.);
#1529=VECTOR('',#2619,1.);
#1530=VECTOR('',#2622,1.);
#1531=VECTOR('',#2625,1.);
#1532=VECTOR('',#2628,1.);
#1533=VECTOR('',#2629,1.);
#1534=VECTOR('',#2632,1.);
#1535=VECTOR('',#2633,1.);
#1536=VECTOR('',#2634,1.);
#1537=VECTOR('',#2635,1.);
#1538=VECTOR('',#2636,1.);
#1539=VECTOR('',#2637,1.);
#1540=VECTOR('',#2638,1.);
#1541=VECTOR('',#2639,1.);
#1542=VECTOR('',#2642,1.);
#1543=VECTOR('',#2643,1.);
#1544=VECTOR('',#2644,1.);
#1545=VECTOR('',#2645,1.);
#1546=VECTOR('',#2646,1.);
#1547=VECTOR('',#2647,1.);
#1548=VECTOR('',#2648,1.);
#1549=VECTOR('',#2651,1.);
#1550=VECTOR('',#2652,1.);
#1551=VECTOR('',#2653,1.);
#1552=VECTOR('',#2654,1.);
#1553=VECTOR('',#2655,1.);
#1554=VECTOR('',#2656,1.);
#1555=VECTOR('',#2657,1.);
#1556=VECTOR('',#2660,1.);
#1557=VECTOR('',#2661,1.);
#1558=VECTOR('',#2662,1.);
#1559=VECTOR('',#2665,1.);
#1560=VECTOR('',#2666,1.);
#1561=VECTOR('',#2667,1.);
#1562=VECTOR('',#2670,1.);
#1563=VECTOR('',#2671,1.);
#1564=VECTOR('',#2672,1.);
#1565=VECTOR('',#2673,1.);
#1566=VECTOR('',#2678,1.);
#1567=VECTOR('',#2679,1.);
#1568=VECTOR('',#2680,1.);
#1569=VECTOR('',#2683,1.);
#1570=VECTOR('',#2684,1.);
#1571=VECTOR('',#2687,1.);
#1572=VECTOR('',#2688,1.);
#1573=VECTOR('',#2691,1.);
#1574=VECTOR('',#2694,1.);
#1575=VECTOR('',#2695,1.);
#1576=VECTOR('',#2698,1.);
#1577=VECTOR('',#2699,1.);
#1578=VECTOR('',#2700,1.);
#1579=VECTOR('',#2701,1.);
#1580=VECTOR('',#2704,1.);
#1581=VECTOR('',#2709,1.);
#1582=VECTOR('',#2710,1.);
#1583=VECTOR('',#2715,1.);
#1584=VECTOR('',#2716,1.);
#1585=VECTOR('',#2721,1.);
#1586=VECTOR('',#2722,1.);
#1587=VECTOR('',#2727,1.);
#1588=VECTOR('',#2728,1.);
#1589=VECTOR('',#2741,1.);
#1590=VECTOR('',#2742,1.);
#1591=VECTOR('',#2745,1.);
#1592=VECTOR('',#2746,1.);
#1593=VECTOR('',#2749,1.);
#1594=VECTOR('',#2750,1.);
#1595=VECTOR('',#2753,1.);
#1596=VECTOR('',#2754,1.);
#1597=VECTOR('',#2757,1.);
#1598=VECTOR('',#2758,1.);
#1599=VECTOR('',#2761,1.);
#1600=VECTOR('',#2762,1.);
#1601=VECTOR('',#2765,1.);
#1602=VECTOR('',#2770,1.);
#1603=VECTOR('',#2771,1.);
#1604=VECTOR('',#2772,1.);
#1605=VECTOR('',#2773,1.);
#1606=VECTOR('',#2774,1.);
#1607=VECTOR('',#2775,1.);
#1608=VECTOR('',#2776,1.);
#1609=VECTOR('',#2779,1.);
#1610=VECTOR('',#2780,1.);
#1611=VECTOR('',#2781,1.);
#1612=VECTOR('',#2784,1.);
#1613=VECTOR('',#2785,1.);
#1614=VECTOR('',#2788,1.);
#1615=VECTOR('',#2789,1.);
#1616=VECTOR('',#2792,1.);
#1617=VECTOR('',#2797,1.);
#1618=VECTOR('',#2798,1.);
#1619=VECTOR('',#2799,1.);
#1620=VECTOR('',#2802,1.);
#1621=VECTOR('',#2803,1.);
#1622=VECTOR('',#2804,1.);
#1623=VECTOR('',#2807,1.);
#1624=VECTOR('',#2808,1.);
#1625=VECTOR('',#2811,1.);
#1626=VECTOR('',#2812,1.);
#1627=VECTOR('',#2815,1.);
#1628=VECTOR('',#2876,1.);
#1629=VECTOR('',#2877,1.);
#1630=VECTOR('',#2878,1.);
#1631=VECTOR('',#2879,1.);
#1632=VECTOR('',#2880,1.);
#1633=VECTOR('',#2881,1.);
#1634=VECTOR('',#2882,1.);
#1635=VECTOR('',#2883,1.);
#1636=VECTOR('',#2884,1.);
#1637=VECTOR('',#2885,1.);
#1638=VECTOR('',#2886,1.);
#1639=VECTOR('',#2887,1.);
#1640=VECTOR('',#2890,1.);
#1641=VECTOR('',#2891,1.);
#1642=VECTOR('',#2892,1.);
#1643=VECTOR('',#2895,1.);
#1644=VECTOR('',#2896,1.);
#1645=VECTOR('',#2899,1.);
#1646=VECTOR('',#2900,1.);
#1647=VECTOR('',#2903,1.);
#1648=VECTOR('',#2908,1.);
#1649=VECTOR('',#2909,1.);
#1650=VECTOR('',#2910,1.);
#1651=VECTOR('',#2913,1.);
#1652=VECTOR('',#2914,1.);
#1653=VECTOR('',#2917,1.);
#1654=VECTOR('',#2918,1.);
#1655=VECTOR('',#2921,1.);
#1656=VECTOR('',#2922,1.);
#1657=VECTOR('',#2925,1.);
#1658=VECTOR('',#2926,1.);
#1659=VECTOR('',#2929,1.);
#1660=VECTOR('',#2930,1.);
#1661=VECTOR('',#2933,1.);
#1662=VECTOR('',#2934,1.);
#1663=VECTOR('',#2937,1.);
#1664=EDGE_LOOP('',(#134,#135,#136,#137));
#1665=EDGE_LOOP('',(#138,#139,#140,#141,#142,#143));
#1666=EDGE_LOOP('',(#144,#145,#146,#147));
#1667=EDGE_LOOP('',(#148,#149,#150,#151,#152,#153));
#1668=EDGE_LOOP('',(#154,#155,#156,#157,#158,#159,#160,#161));
#1669=EDGE_LOOP('',(#162,#163,#164,#165));
#1670=EDGE_LOOP('',(#166,#167,#168,#169));
#1671=EDGE_LOOP('',(#170,#171,#172,#173));
#1672=EDGE_LOOP('',(#174,#175,#176,#177));
#1673=EDGE_LOOP('',(#178,#179,#180,#181,#182,#183,#184,#185));
#1674=EDGE_LOOP('',(#186,#187,#188,#189,#190,#191,#192,#193));
#1675=EDGE_LOOP('',(#194,#195,#196,#197,#198,#199,#200,#201));
#1676=EDGE_LOOP('',(#202,#203,#204,#205));
#1677=EDGE_LOOP('',(#206,#207,#208,#209));
#1678=EDGE_LOOP('',(#210,#211,#212,#213));
#1679=EDGE_LOOP('',(#214,#215,#216,#217));
#1680=EDGE_LOOP('',(#218,#219,#220,#221));
#1681=EDGE_LOOP('',(#222,#223,#224,#225,#226));
#1682=EDGE_LOOP('',(#227,#228,#229,#230,#231));
#1683=EDGE_LOOP('',(#232,#233,#234,#235));
#1684=EDGE_LOOP('',(#236));
#1685=EDGE_LOOP('',(#237));
#1686=EDGE_LOOP('',(#238));
#1687=EDGE_LOOP('',(#239,#240,#241,#242));
#1688=EDGE_LOOP('',(#243));
#1689=EDGE_LOOP('',(#244,#245,#246,#247));
#1690=EDGE_LOOP('',(#248,#249,#250,#251,#252,#253,#254,#255,#256,#257,#258,
#259));
#1691=EDGE_LOOP('',(#260,#261,#262,#263,#264,#265,#266,#267,#268,#269,#270,
#271));
#1692=EDGE_LOOP('',(#272,#273,#274,#275));
#1693=EDGE_LOOP('',(#276));
#1694=EDGE_LOOP('',(#277,#278,#279,#280));
#1695=EDGE_LOOP('',(#281,#282,#283,#284));
#1696=EDGE_LOOP('',(#285));
#1697=EDGE_LOOP('',(#286,#287,#288,#289));
#1698=EDGE_LOOP('',(#290,#291,#292,#293));
#1699=EDGE_LOOP('',(#294,#295,#296,#297));
#1700=EDGE_LOOP('',(#298,#299,#300,#301));
#1701=EDGE_LOOP('',(#302,#303,#304,#305));
#1702=EDGE_LOOP('',(#306,#307,#308,#309));
#1703=EDGE_LOOP('',(#310,#311,#312,#313));
#1704=EDGE_LOOP('',(#314));
#1705=EDGE_LOOP('',(#315));
#1706=EDGE_LOOP('',(#316));
#1707=EDGE_LOOP('',(#317));
#1708=EDGE_LOOP('',(#318,#319,#320,#321));
#1709=EDGE_LOOP('',(#322,#323,#324,#325,#326,#327,#328,#329,#330,#331,#332,
#333,#334,#335,#336,#337));
#1710=EDGE_LOOP('',(#338,#339,#340,#341,#342,#343,#344,#345,#346,#347,#348,
#349));
#1711=EDGE_LOOP('',(#350,#351,#352,#353,#354,#355,#356,#357,#358,#359,#360));
#1712=EDGE_LOOP('',(#361,#362,#363,#364,#365,#366,#367,#368));
#1713=EDGE_LOOP('',(#369,#370,#371,#372));
#1714=EDGE_LOOP('',(#373,#374,#375,#376,#377,#378,#379,#380,#381,#382,#383,
#384,#385,#386));
#1715=EDGE_LOOP('',(#387,#388,#389,#390,#391,#392,#393,#394,#395,#396,#397,
#398));
#1716=EDGE_LOOP('',(#399,#400,#401,#402));
#1717=EDGE_LOOP('',(#403,#404,#405,#406));
#1718=EDGE_LOOP('',(#407,#408,#409,#410));
#1719=EDGE_LOOP('',(#411,#412,#413,#414));
#1720=EDGE_LOOP('',(#415,#416,#417,#418));
#1721=EDGE_LOOP('',(#419,#420,#421,#422));
#1722=EDGE_LOOP('',(#423,#424,#425,#426));
#1723=EDGE_LOOP('',(#427,#428,#429,#430));
#1724=EDGE_LOOP('',(#431,#432,#433,#434));
#1725=EDGE_LOOP('',(#435,#436,#437,#438));
#1726=EDGE_LOOP('',(#439,#440,#441,#442));
#1727=EDGE_LOOP('',(#443,#444,#445,#446,#447,#448,#449));
#1728=EDGE_LOOP('',(#450,#451,#452,#453));
#1729=EDGE_LOOP('',(#454,#455,#456,#457));
#1730=EDGE_LOOP('',(#458,#459,#460,#461));
#1731=EDGE_LOOP('',(#462,#463,#464));
#1732=EDGE_LOOP('',(#465,#466,#467,#468));
#1733=EDGE_LOOP('',(#469,#470,#471));
#1734=EDGE_LOOP('',(#472,#473,#474,#475));
#1735=EDGE_LOOP('',(#476,#477,#478));
#1736=EDGE_LOOP('',(#479,#480,#481,#482));
#1737=EDGE_LOOP('',(#483,#484,#485));
#1738=EDGE_LOOP('',(#486,#487,#488));
#1739=EDGE_LOOP('',(#489,#490,#491));
#1740=EDGE_LOOP('',(#492,#493,#494));
#1741=EDGE_LOOP('',(#495,#496,#497));
#1742=EDGE_LOOP('',(#498,#499,#500,#501));
#1743=EDGE_LOOP('',(#502,#503,#504,#505));
#1744=EDGE_LOOP('',(#506,#507,#508,#509));
#1745=EDGE_LOOP('',(#510,#511,#512,#513));
#1746=EDGE_LOOP('',(#514,#515,#516,#517));
#1747=EDGE_LOOP('',(#518,#519,#520,#521));
#1748=EDGE_LOOP('',(#522,#523,#524,#525));
#1749=EDGE_LOOP('',(#526,#527,#528,#529,#530,#531,#532,#533));
#1750=EDGE_LOOP('',(#534,#535,#536,#537));
#1751=EDGE_LOOP('',(#538,#539,#540,#541));
#1752=EDGE_LOOP('',(#542,#543,#544,#545));
#1753=EDGE_LOOP('',(#546,#547,#548,#549));
#1754=EDGE_LOOP('',(#550,#551,#552,#553));
#1755=EDGE_LOOP('',(#554,#555,#556,#557));
#1756=EDGE_LOOP('',(#558,#559,#560,#561));
#1757=EDGE_LOOP('',(#562,#563,#564,#565));
#1758=EDGE_LOOP('',(#566,#567,#568,#569));
#1759=EDGE_LOOP('',(#570,#571,#572,#573));
#1760=EDGE_LOOP('',(#574,#575,#576,#577,#578));
#1761=EDGE_LOOP('',(#579,#580,#581,#582));
#1762=EDGE_LOOP('',(#583,#584,#585,#586,#587));
#1763=EDGE_LOOP('',(#588,#589,#590,#591));
#1764=EDGE_LOOP('',(#592,#593,#594,#595));
#1765=EDGE_LOOP('',(#596,#597,#598,#599));
#1766=EDGE_LOOP('',(#600,#601,#602,#603));
#1767=EDGE_LOOP('',(#604,#605,#606,#607));
#1768=EDGE_LOOP('',(#608,#609,#610,#611));
#1769=EDGE_LOOP('',(#612,#613,#614));
#1770=EDGE_LOOP('',(#615,#616,#617,#618));
#1771=EDGE_LOOP('',(#619,#620,#621));
#1772=EDGE_LOOP('',(#622,#623,#624,#625));
#1773=EDGE_LOOP('',(#626,#627,#628));
#1774=EDGE_LOOP('',(#629,#630,#631,#632));
#1775=EDGE_LOOP('',(#633,#634,#635));
#1776=EDGE_LOOP('',(#636));
#1777=EDGE_LOOP('',(#637));
#1778=EDGE_LOOP('',(#638));
#1779=EDGE_LOOP('',(#639));
#1780=EDGE_LOOP('',(#640,#641,#642,#643));
#1781=EDGE_LOOP('',(#644,#645,#646,#647,#648,#649,#650,#651));
#1782=EDGE_LOOP('',(#652,#653,#654,#655));
#1783=EDGE_LOOP('',(#656,#657,#658,#659));
#1784=EDGE_LOOP('',(#660,#661,#662,#663));
#1785=EDGE_LOOP('',(#664,#665,#666,#667));
#1786=EDGE_LOOP('',(#668,#669,#670,#671));
#1787=EDGE_LOOP('',(#672,#673,#674,#675));
#1788=EDGE_LOOP('',(#676,#677,#678,#679));
#1789=EDGE_LOOP('',(#680,#681,#682,#683));
#1790=EDGE_LOOP('',(#684,#685,#686,#687));
#1791=EDGE_LOOP('',(#688,#689,#690,#691));
#1792=EDGE_LOOP('',(#692,#693,#694,#695));
#1793=EDGE_LOOP('',(#696,#697,#698,#699));
#1794=EDGE_LOOP('',(#700,#701,#702,#703));
#1795=EDGE_LOOP('',(#704,#705,#706,#707,#708,#709,#710,#711));
#1796=FACE_BOUND('',#1664,.T.);
#1797=FACE_BOUND('',#1665,.T.);
#1798=FACE_BOUND('',#1666,.T.);
#1799=FACE_BOUND('',#1667,.T.);
#1800=FACE_BOUND('',#1668,.T.);
#1801=FACE_BOUND('',#1669,.T.);
#1802=FACE_BOUND('',#1670,.T.);
#1803=FACE_BOUND('',#1671,.T.);
#1804=FACE_BOUND('',#1672,.T.);
#1805=FACE_BOUND('',#1673,.T.);
#1806=FACE_BOUND('',#1674,.T.);
#1807=FACE_BOUND('',#1675,.T.);
#1808=FACE_BOUND('',#1676,.T.);
#1809=FACE_BOUND('',#1677,.T.);
#1810=FACE_BOUND('',#1678,.T.);
#1811=FACE_BOUND('',#1679,.T.);
#1812=FACE_BOUND('',#1680,.T.);
#1813=FACE_BOUND('',#1681,.T.);
#1814=FACE_BOUND('',#1682,.T.);
#1815=FACE_BOUND('',#1683,.T.);
#1816=FACE_BOUND('',#1684,.T.);
#1817=FACE_BOUND('',#1685,.T.);
#1818=FACE_BOUND('',#1686,.T.);
#1819=FACE_BOUND('',#1687,.T.);
#1820=FACE_BOUND('',#1688,.T.);
#1821=FACE_BOUND('',#1689,.T.);
#1822=FACE_BOUND('',#1690,.T.);
#1823=FACE_BOUND('',#1691,.T.);
#1824=FACE_BOUND('',#1692,.T.);
#1825=FACE_BOUND('',#1693,.T.);
#1826=FACE_BOUND('',#1694,.T.);
#1827=FACE_BOUND('',#1695,.T.);
#1828=FACE_BOUND('',#1696,.T.);
#1829=FACE_BOUND('',#1697,.T.);
#1830=FACE_BOUND('',#1698,.T.);
#1831=FACE_BOUND('',#1699,.T.);
#1832=FACE_BOUND('',#1700,.T.);
#1833=FACE_BOUND('',#1701,.T.);
#1834=FACE_BOUND('',#1702,.T.);
#1835=FACE_BOUND('',#1703,.T.);
#1836=FACE_BOUND('',#1704,.T.);
#1837=FACE_BOUND('',#1705,.T.);
#1838=FACE_BOUND('',#1706,.T.);
#1839=FACE_BOUND('',#1707,.T.);
#1840=FACE_BOUND('',#1708,.T.);
#1841=FACE_BOUND('',#1709,.T.);
#1842=FACE_BOUND('',#1710,.T.);
#1843=FACE_BOUND('',#1711,.T.);
#1844=FACE_BOUND('',#1712,.T.);
#1845=FACE_BOUND('',#1713,.T.);
#1846=FACE_BOUND('',#1714,.T.);
#1847=FACE_BOUND('',#1715,.T.);
#1848=FACE_BOUND('',#1716,.T.);
#1849=FACE_BOUND('',#1717,.T.);
#1850=FACE_BOUND('',#1718,.T.);
#1851=FACE_BOUND('',#1719,.T.);
#1852=FACE_BOUND('',#1720,.T.);
#1853=FACE_BOUND('',#1721,.T.);
#1854=FACE_BOUND('',#1722,.T.);
#1855=FACE_BOUND('',#1723,.T.);
#1856=FACE_BOUND('',#1724,.T.);
#1857=FACE_BOUND('',#1725,.T.);
#1858=FACE_BOUND('',#1726,.T.);
#1859=FACE_BOUND('',#1727,.T.);
#1860=FACE_BOUND('',#1728,.T.);
#1861=FACE_BOUND('',#1729,.T.);
#1862=FACE_BOUND('',#1730,.T.);
#1863=FACE_BOUND('',#1731,.T.);
#1864=FACE_BOUND('',#1732,.T.);
#1865=FACE_BOUND('',#1733,.T.);
#1866=FACE_BOUND('',#1734,.T.);
#1867=FACE_BOUND('',#1735,.T.);
#1868=FACE_BOUND('',#1736,.T.);
#1869=FACE_BOUND('',#1737,.T.);
#1870=FACE_BOUND('',#1738,.T.);
#1871=FACE_BOUND('',#1739,.T.);
#1872=FACE_BOUND('',#1740,.T.);
#1873=FACE_BOUND('',#1741,.T.);
#1874=FACE_BOUND('',#1742,.T.);
#1875=FACE_BOUND('',#1743,.T.);
#1876=FACE_BOUND('',#1744,.T.);
#1877=FACE_BOUND('',#1745,.T.);
#1878=FACE_BOUND('',#1746,.T.);
#1879=FACE_BOUND('',#1747,.T.);
#1880=FACE_BOUND('',#1748,.T.);
#1881=FACE_BOUND('',#1749,.T.);
#1882=FACE_BOUND('',#1750,.T.);
#1883=FACE_BOUND('',#1751,.T.);
#1884=FACE_BOUND('',#1752,.T.);
#1885=FACE_BOUND('',#1753,.T.);
#1886=FACE_BOUND('',#1754,.T.);
#1887=FACE_BOUND('',#1755,.T.);
#1888=FACE_BOUND('',#1756,.T.);
#1889=FACE_BOUND('',#1757,.T.);
#1890=FACE_BOUND('',#1758,.T.);
#1891=FACE_BOUND('',#1759,.T.);
#1892=FACE_BOUND('',#1760,.T.);
#1893=FACE_BOUND('',#1761,.T.);
#1894=FACE_BOUND('',#1762,.T.);
#1895=FACE_BOUND('',#1763,.T.);
#1896=FACE_BOUND('',#1764,.T.);
#1897=FACE_BOUND('',#1765,.T.);
#1898=FACE_BOUND('',#1766,.T.);
#1899=FACE_BOUND('',#1767,.T.);
#1900=FACE_BOUND('',#1768,.T.);
#1901=FACE_BOUND('',#1769,.T.);
#1902=FACE_BOUND('',#1770,.T.);
#1903=FACE_BOUND('',#1771,.T.);
#1904=FACE_BOUND('',#1772,.T.);
#1905=FACE_BOUND('',#1773,.T.);
#1906=FACE_BOUND('',#1774,.T.);
#1907=FACE_BOUND('',#1775,.T.);
#1908=FACE_BOUND('',#1776,.T.);
#1909=FACE_BOUND('',#1777,.T.);
#1910=FACE_BOUND('',#1778,.T.);
#1911=FACE_BOUND('',#1779,.T.);
#1912=FACE_BOUND('',#1780,.T.);
#1913=FACE_BOUND('',#1781,.T.);
#1914=FACE_BOUND('',#1782,.T.);
#1915=FACE_BOUND('',#1783,.T.);
#1916=FACE_BOUND('',#1784,.T.);
#1917=FACE_BOUND('',#1785,.T.);
#1918=FACE_BOUND('',#1786,.T.);
#1919=FACE_BOUND('',#1787,.T.);
#1920=FACE_BOUND('',#1788,.T.);
#1921=FACE_BOUND('',#1789,.T.);
#1922=FACE_BOUND('',#1790,.T.);
#1923=FACE_BOUND('',#1791,.T.);
#1924=FACE_BOUND('',#1792,.T.);
#1925=FACE_BOUND('',#1793,.T.);
#1926=FACE_BOUND('',#1794,.T.);
#1927=FACE_BOUND('',#1795,.T.);
#1928=PLANE('',#2189);
#1929=PLANE('',#2190);
#1930=PLANE('',#2192);
#1931=PLANE('',#2193);
#1932=PLANE('',#2195);
#1933=PLANE('',#2200);
#1934=PLANE('',#2201);
#1935=PLANE('',#2202);
#1936=PLANE('',#2203);
#1937=PLANE('',#2204);
#1938=PLANE('',#2213);
#1939=PLANE('',#2229);
#1940=PLANE('',#2231);
#1941=PLANE('',#2233);
#1942=PLANE('',#2240);
#1943=PLANE('',#2247);
#1944=PLANE('',#2248);
#1945=PLANE('',#2250);
#1946=PLANE('',#2251);
#1947=PLANE('',#2262);
#1948=PLANE('',#2263);
#1949=PLANE('',#2264);
#1950=PLANE('',#2269);
#1951=PLANE('',#2270);
#1952=PLANE('',#2271);
#1953=PLANE('',#2272);
#1954=PLANE('',#2273);
#1955=PLANE('',#2274);
#1956=PLANE('',#2275);
#1957=PLANE('',#2276);
#1958=PLANE('',#2277);
#1959=PLANE('',#2278);
#1960=PLANE('',#2279);
#1961=PLANE('',#2280);
#1962=PLANE('',#2281);
#1963=PLANE('',#2282);
#1964=PLANE('',#2283);
#1965=PLANE('',#2284);
#1966=PLANE('',#2285);
#1967=PLANE('',#2286);
#1968=PLANE('',#2287);
#1969=PLANE('',#2288);
#1970=PLANE('',#2289);
#1971=PLANE('',#2290);
#1972=PLANE('',#2291);
#1973=PLANE('',#2292);
#1974=PLANE('',#2293);
#1975=PLANE('',#2294);
#1976=PLANE('',#2295);
#1977=PLANE('',#2296);
#1978=PLANE('',#2297);
#1979=PLANE('',#2298);
#1980=PLANE('',#2299);
#1981=PLANE('',#2300);
#1982=PLANE('',#2301);
#1983=PLANE('',#2302);
#1984=PLANE('',#2303);
#1985=PLANE('',#2304);
#1986=PLANE('',#2305);
#1987=PLANE('',#2306);
#1988=PLANE('',#2307);
#1989=PLANE('',#2308);
#1990=PLANE('',#2309);
#1991=PLANE('',#2310);
#1992=PLANE('',#2311);
#1993=PLANE('',#2312);
#1994=PLANE('',#2313);
#1995=PLANE('',#2314);
#1996=PLANE('',#2315);
#1997=PLANE('',#2340);
#1998=PLANE('',#2341);
#1999=PLANE('',#2344);
#2000=PLANE('',#2345);
#2001=PLANE('',#2346);
#2002=PLANE('',#2347);
#2003=PLANE('',#2348);
#2004=PLANE('',#2349);
#2005=PLANE('',#2350);
#2006=PLANE('',#2351);
#2007=PLANE('',#2352);
#2008=PLANE('',#2353);
#2009=PLANE('',#2354);
#2010=PLANE('',#2355);
#2011=PLANE('',#2356);
#2012=PLANE('',#2357);
#2013=PLANE('',#2358);
#2014=ADVANCED_FACE('',(#1796),#1928,.T.);
#2015=ADVANCED_FACE('',(#1797),#1929,.F.);
#2016=ADVANCED_FACE('',(#1798),#1930,.F.);
#2017=ADVANCED_FACE('',(#1799),#1931,.T.);
#2018=ADVANCED_FACE('',(#1800),#1932,.T.);
#2019=ADVANCED_FACE('',(#1801),#1933,.F.);
#2020=ADVANCED_FACE('',(#1802),#1934,.T.);
#2021=ADVANCED_FACE('',(#1803),#1935,.F.);
#2022=ADVANCED_FACE('',(#1804),#1936,.F.);
#2023=ADVANCED_FACE('',(#1805,#1806),#1937,.F.);
#2024=ADVANCED_FACE('',(#1807),#1938,.F.);
#2025=ADVANCED_FACE('',(#1808),#64,.T.);
#2026=ADVANCED_FACE('',(#1809),#65,.T.);
#2027=ADVANCED_FACE('',(#1810),#66,.T.);
#2028=ADVANCED_FACE('',(#1811),#67,.T.);
#2029=ADVANCED_FACE('',(#1812),#68,.T.);
#2030=ADVANCED_FACE('',(#1813),#69,.T.);
#2031=ADVANCED_FACE('',(#1814),#70,.T.);
#2032=ADVANCED_FACE('',(#1815),#71,.T.);
#2033=ADVANCED_FACE('',(#1816,#1817),#72,.F.);
#2034=ADVANCED_FACE('',(#1818,#1819),#1939,.T.);
#2035=ADVANCED_FACE('',(#1820,#1821),#1940,.F.);
#2036=ADVANCED_FACE('',(#1822),#1941,.T.);
#2037=ADVANCED_FACE('',(#1823),#1942,.F.);
#2038=ADVANCED_FACE('',(#1824),#1943,.T.);
#2039=ADVANCED_FACE('',(#1825,#1826),#1944,.F.);
#2040=ADVANCED_FACE('',(#1827),#1945,.F.);
#2041=ADVANCED_FACE('',(#1828,#1829),#1946,.T.);
#2042=ADVANCED_FACE('',(#1830),#73,.T.);
#2043=ADVANCED_FACE('',(#1831),#74,.T.);
#2044=ADVANCED_FACE('',(#1832),#75,.T.);
#2045=ADVANCED_FACE('',(#1833),#76,.T.);
#2046=ADVANCED_FACE('',(#1834),#77,.F.);
#2047=ADVANCED_FACE('',(#1835),#78,.F.);
#2048=ADVANCED_FACE('',(#1836,#1837),#79,.F.);
#2049=ADVANCED_FACE('',(#1838,#1839),#80,.F.);
#2050=ADVANCED_FACE('',(#1840,#1841),#1947,.F.);
#2051=ADVANCED_FACE('',(#1842,#1843),#1948,.T.);
#2052=ADVANCED_FACE('',(#1844,#1845),#1949,.T.);
#2053=ADVANCED_FACE('',(#1846),#1950,.T.);
#2054=ADVANCED_FACE('',(#1847),#1951,.F.);
#2055=ADVANCED_FACE('',(#1848,#1849),#1952,.F.);
#2056=ADVANCED_FACE('',(#1850),#1953,.T.);
#2057=ADVANCED_FACE('',(#1851),#1954,.F.);
#2058=ADVANCED_FACE('',(#1852),#1955,.F.);
#2059=ADVANCED_FACE('',(#1853),#1956,.T.);
#2060=ADVANCED_FACE('',(#1854),#1957,.T.);
#2061=ADVANCED_FACE('',(#1855),#1958,.F.);
#2062=ADVANCED_FACE('',(#1856),#1959,.F.);
#2063=ADVANCED_FACE('',(#1857),#1960,.T.);
#2064=ADVANCED_FACE('',(#1858),#1961,.T.);
#2065=ADVANCED_FACE('',(#1859),#1962,.F.);
#2066=ADVANCED_FACE('',(#1860),#1963,.F.);
#2067=ADVANCED_FACE('',(#1861),#1964,.T.);
#2068=ADVANCED_FACE('',(#1862),#1965,.T.);
#2069=ADVANCED_FACE('',(#1863),#1966,.F.);
#2070=ADVANCED_FACE('',(#1864),#1967,.F.);
#2071=ADVANCED_FACE('',(#1865),#1968,.F.);
#2072=ADVANCED_FACE('',(#1866),#1969,.T.);
#2073=ADVANCED_FACE('',(#1867),#1970,.F.);
#2074=ADVANCED_FACE('',(#1868),#1971,.F.);
#2075=ADVANCED_FACE('',(#1869),#1972,.F.);
#2076=ADVANCED_FACE('',(#1870),#1973,.T.);
#2077=ADVANCED_FACE('',(#1871),#1974,.T.);
#2078=ADVANCED_FACE('',(#1872),#1975,.T.);
#2079=ADVANCED_FACE('',(#1873),#1976,.T.);
#2080=ADVANCED_FACE('',(#1874),#1977,.F.);
#2081=ADVANCED_FACE('',(#1875),#1978,.T.);
#2082=ADVANCED_FACE('',(#1876),#1979,.F.);
#2083=ADVANCED_FACE('',(#1877),#1980,.F.);
#2084=ADVANCED_FACE('',(#1878),#1981,.T.);
#2085=ADVANCED_FACE('',(#1879),#1982,.T.);
#2086=ADVANCED_FACE('',(#1880),#1983,.T.);
#2087=ADVANCED_FACE('',(#1881),#1984,.T.);
#2088=ADVANCED_FACE('',(#1882,#1883),#1985,.T.);
#2089=ADVANCED_FACE('',(#1884),#1986,.F.);
#2090=ADVANCED_FACE('',(#1885),#1987,.T.);
#2091=ADVANCED_FACE('',(#1886),#1988,.F.);
#2092=ADVANCED_FACE('',(#1887),#1989,.F.);
#2093=ADVANCED_FACE('',(#1888,#1889),#1990,.F.);
#2094=ADVANCED_FACE('',(#1890),#1991,.F.);
#2095=ADVANCED_FACE('',(#1891),#1992,.T.);
#2096=ADVANCED_FACE('',(#1892),#1993,.F.);
#2097=ADVANCED_FACE('',(#1893),#1994,.F.);
#2098=ADVANCED_FACE('',(#1894),#1995,.T.);
#2099=ADVANCED_FACE('',(#1895),#1996,.T.);
#2100=ADVANCED_FACE('',(#1896),#81,.T.);
#2101=ADVANCED_FACE('',(#1897),#82,.T.);
#2102=ADVANCED_FACE('',(#1898),#83,.T.);
#2103=ADVANCED_FACE('',(#1899),#84,.T.);
#2104=ADVANCED_FACE('',(#1900),#85,.T.);
#2105=ADVANCED_FACE('',(#1901),#10,.T.);
#2106=ADVANCED_FACE('',(#1902),#86,.T.);
#2107=ADVANCED_FACE('',(#1903),#11,.T.);
#2108=ADVANCED_FACE('',(#1904),#87,.T.);
#2109=ADVANCED_FACE('',(#1905),#12,.T.);
#2110=ADVANCED_FACE('',(#1906),#88,.T.);
#2111=ADVANCED_FACE('',(#1907),#13,.T.);
#2112=ADVANCED_FACE('',(#1908,#1909),#89,.T.);
#2113=ADVANCED_FACE('',(#1910),#1997,.T.);
#2114=ADVANCED_FACE('',(#1911),#1998,.F.);
#2115=ADVANCED_FACE('',(#1912,#1913),#1999,.T.);
#2116=ADVANCED_FACE('',(#1914),#2000,.T.);
#2117=ADVANCED_FACE('',(#1915),#2001,.F.);
#2118=ADVANCED_FACE('',(#1916),#2002,.F.);
#2119=ADVANCED_FACE('',(#1917),#2003,.T.);
#2120=ADVANCED_FACE('',(#1918),#2004,.F.);
#2121=ADVANCED_FACE('',(#1919),#2005,.T.);
#2122=ADVANCED_FACE('',(#1920),#2006,.T.);
#2123=ADVANCED_FACE('',(#1921),#2007,.F.);
#2124=ADVANCED_FACE('',(#1922),#2008,.F.);
#2125=ADVANCED_FACE('',(#1923),#2009,.T.);
#2126=ADVANCED_FACE('',(#1924),#2010,.F.);
#2127=ADVANCED_FACE('',(#1925),#2011,.F.);
#2128=ADVANCED_FACE('',(#1926),#2012,.F.);
#2129=ADVANCED_FACE('',(#1927),#2013,.T.);
#2130=CLOSED_SHELL('',(#2014,#2015,#2016,#2017,#2018,#2019,#2020,#2021,
#2022,#2023,#2024,#2025,#2026,#2027,#2028,#2029,#2030,#2031,#2032,#2033));
#2131=CLOSED_SHELL('',(#2034,#2035,#2036,#2037,#2038,#2039,#2040,#2041,
#2042,#2043,#2044,#2045,#2046,#2047,#2048,#2049));
#2132=CLOSED_SHELL('',(#2050,#2051,#2052,#2053,#2054,#2055,#2056,#2057,
#2058,#2059,#2060,#2061,#2062,#2063,#2064,#2065,#2066,#2067,#2068,#2069,
#2070,#2071,#2072,#2073,#2074,#2075,#2076,#2077,#2078,#2079,#2080,#2081,
#2082,#2083,#2084,#2085,#2086,#2087,#2088,#2089,#2090,#2091,#2092,#2093,
#2094,#2095,#2096,#2097,#2098,#2099,#2100,#2101,#2102,#2103,#2104,#2105,
#2106,#2107,#2108,#2109,#2110,#2111));
#2133=CLOSED_SHELL('',(#2112,#2113,#2114));
#2134=CLOSED_SHELL('',(#2115,#2116,#2117,#2118,#2119,#2120,#2121,#2122,
#2123,#2124,#2125,#2126,#2127,#2128,#2129));
#2135=STYLED_ITEM('',(#2140),#2171);
#2136=STYLED_ITEM('',(#2141),#2172);
#2137=STYLED_ITEM('',(#2142),#2173);
#2138=STYLED_ITEM('',(#2143),#2174);
#2139=STYLED_ITEM('',(#2144),#2175);
#2140=PRESENTATION_STYLE_ASSIGNMENT((#2145));
#2141=PRESENTATION_STYLE_ASSIGNMENT((#2146));
#2142=PRESENTATION_STYLE_ASSIGNMENT((#2147));
#2143=PRESENTATION_STYLE_ASSIGNMENT((#2148));
#2144=PRESENTATION_STYLE_ASSIGNMENT((#2149));
#2145=SURFACE_STYLE_USAGE(.BOTH.,#2150);
#2146=SURFACE_STYLE_USAGE(.BOTH.,#2151);
#2147=SURFACE_STYLE_USAGE(.BOTH.,#2152);
#2148=SURFACE_STYLE_USAGE(.BOTH.,#2153);
#2149=SURFACE_STYLE_USAGE(.BOTH.,#2154);
#2150=SURFACE_SIDE_STYLE('',(#2155));
#2151=SURFACE_SIDE_STYLE('',(#2156));
#2152=SURFACE_SIDE_STYLE('',(#2157));
#2153=SURFACE_SIDE_STYLE('',(#2158));
#2154=SURFACE_SIDE_STYLE('',(#2159));
#2155=SURFACE_STYLE_FILL_AREA(#2160);
#2156=SURFACE_STYLE_FILL_AREA(#2161);
#2157=SURFACE_STYLE_FILL_AREA(#2162);
#2158=SURFACE_STYLE_FILL_AREA(#2163);
#2159=SURFACE_STYLE_FILL_AREA(#2164);
#2160=FILL_AREA_STYLE('',(#2165));
#2161=FILL_AREA_STYLE('',(#2166));
#2162=FILL_AREA_STYLE('',(#2167));
#2163=FILL_AREA_STYLE('',(#2168));
#2164=FILL_AREA_STYLE('',(#2169));
#2165=FILL_AREA_STYLE_COLOUR('',#2170);
#2166=FILL_AREA_STYLE_COLOUR('',#2170);
#2167=FILL_AREA_STYLE_COLOUR('',#2170);
#2168=FILL_AREA_STYLE_COLOUR('',#2170);
#2169=FILL_AREA_STYLE_COLOUR('',#2170);
#2170=COLOUR_RGB('',0.615686274509804,0.811764705882353,0.929411764705882);
#2171=MANIFOLD_SOLID_BREP('Part 1',#2130);
#2172=MANIFOLD_SOLID_BREP('Part 1',#2131);
#2173=MANIFOLD_SOLID_BREP('Part 1',#2132);
#2174=MANIFOLD_SOLID_BREP('Part 1',#2133);
#2175=MANIFOLD_SOLID_BREP('Part 1',#2134);
#2176=SHAPE_DEFINITION_REPRESENTATION(#3667,#2182);
#2177=SHAPE_DEFINITION_REPRESENTATION(#3668,#2183);
#2178=SHAPE_DEFINITION_REPRESENTATION(#3671,#2184);
#2179=SHAPE_DEFINITION_REPRESENTATION(#3673,#2185);
#2180=SHAPE_DEFINITION_REPRESENTATION(#3675,#2186);
#2181=SHAPE_DEFINITION_REPRESENTATION(#3678,#2187);
#2182=SHAPE_REPRESENTATION('LUMA ASSEMBLY',(#2188,#2227,#2228,#2261,#2336,
#2342,#2343,#2359,#2360),#3652);
#2183=SHAPE_REPRESENTATION('Part 1',(#2188),#3653);
#2184=SHAPE_REPRESENTATION('Part 1',(#2188),#3654);
#2185=SHAPE_REPRESENTATION('Part 1',(#2188),#3655);
#2186=SHAPE_REPRESENTATION('Part 1',(#2188),#3656);
#2187=SHAPE_REPRESENTATION('Part 1',(#2188),#3657);
#2188=AXIS2_PLACEMENT_3D('',#2944,#2361,#2362);
#2189=AXIS2_PLACEMENT_3D('',#2945,#2363,#2364);
#2190=AXIS2_PLACEMENT_3D('',#2954,#2369,#2370);
#2191=AXIS2_PLACEMENT_3D('',#2958,#2372,#2373);
#2192=AXIS2_PLACEMENT_3D('',#2966,#2378,#2379);
#2193=AXIS2_PLACEMENT_3D('',#2975,#2384,#2385);
#2194=AXIS2_PLACEMENT_3D('',#2979,#2387,#2388);
#2195=AXIS2_PLACEMENT_3D('',#2987,#2393,#2394);
#2196=AXIS2_PLACEMENT_3D('',#2988,#2395,#2396);
#2197=AXIS2_PLACEMENT_3D('',#2989,#2397,#2398);
#2198=AXIS2_PLACEMENT_3D('',#2990,#2399,#2400);
#2199=AXIS2_PLACEMENT_3D('',#2991,#2401,#2402);
#2200=AXIS2_PLACEMENT_3D('',#2992,#2403,#2404);
#2201=AXIS2_PLACEMENT_3D('',#3001,#2409,#2410);
#2202=AXIS2_PLACEMENT_3D('',#3010,#2415,#2416);
#2203=AXIS2_PLACEMENT_3D('',#3019,#2421,#2422);
#2204=AXIS2_PLACEMENT_3D('',#3028,#2427,#2428);
#2205=AXIS2_PLACEMENT_3D('',#3029,#2429,#2430);
#2206=AXIS2_PLACEMENT_3D('',#3030,#2431,#2432);
#2207=AXIS2_PLACEMENT_3D('',#3031,#2433,#2434);
#2208=AXIS2_PLACEMENT_3D('',#3032,#2435,#2436);
#2209=AXIS2_PLACEMENT_3D('',#3033,#2437,#2438);
#2210=AXIS2_PLACEMENT_3D('',#3034,#2439,#2440);
#2211=AXIS2_PLACEMENT_3D('',#3035,#2441,#2442);
#2212=AXIS2_PLACEMENT_3D('',#3036,#2443,#2444);
#2213=AXIS2_PLACEMENT_3D('',#3037,#2445,#2446);
#2214=AXIS2_PLACEMENT_3D('',#3038,#2447,#2448);
#2215=AXIS2_PLACEMENT_3D('',#3039,#2449,#2450);
#2216=AXIS2_PLACEMENT_3D('',#3040,#2451,#2452);
#2217=AXIS2_PLACEMENT_3D('',#3041,#2453,#2454);
#2218=AXIS2_PLACEMENT_3D('',#3042,#2455,#2456);
#2219=AXIS2_PLACEMENT_3D('',#3043,#2457,#2458);
#2220=AXIS2_PLACEMENT_3D('',#3044,#2459,#2460);
#2221=AXIS2_PLACEMENT_3D('',#3045,#2461,#2462);
#2222=AXIS2_PLACEMENT_3D('',#3046,#2463,#2464);
#2223=AXIS2_PLACEMENT_3D('',#3047,#2465,#2466);
#2224=AXIS2_PLACEMENT_3D('',#3048,#2467,#2468);
#2225=AXIS2_PLACEMENT_3D('',#3049,#2469,#2470);
#2226=AXIS2_PLACEMENT_3D('',#3050,#2471,#2472);
#2227=AXIS2_PLACEMENT_3D('',#3051,#2473,#2474);
#2228=AXIS2_PLACEMENT_3D('',#3052,#2475,#2476);
#2229=AXIS2_PLACEMENT_3D('',#3053,#2477,#2478);
#2230=AXIS2_PLACEMENT_3D('',#3054,#2479,#2480);
#2231=AXIS2_PLACEMENT_3D('',#3064,#2485,#2486);
#2232=AXIS2_PLACEMENT_3D('',#3065,#2487,#2488);
#2233=AXIS2_PLACEMENT_3D('',#3075,#2493,#2494);
#2234=AXIS2_PLACEMENT_3D('',#3076,#2495,#2496);
#2235=AXIS2_PLACEMENT_3D('',#3078,#2497,#2498);
#2236=AXIS2_PLACEMENT_3D('',#3079,#2499,#2500);
#2237=AXIS2_PLACEMENT_3D('',#3083,#2502,#2503);
#2238=AXIS2_PLACEMENT_3D('',#3087,#2505,#2506);
#2239=AXIS2_PLACEMENT_3D('',#3089,#2507,#2508);
#2240=AXIS2_PLACEMENT_3D('',#3094,#2511,#2512);
#2241=AXIS2_PLACEMENT_3D('',#3095,#2513,#2514);
#2242=AXIS2_PLACEMENT_3D('',#3097,#2515,#2516);
#2243=AXIS2_PLACEMENT_3D('',#3102,#2519,#2520);
#2244=AXIS2_PLACEMENT_3D('',#3104,#2521,#2522);
#2245=AXIS2_PLACEMENT_3D('',#3108,#2524,#2525);
#2246=AXIS2_PLACEMENT_3D('',#3112,#2527,#2528);
#2247=AXIS2_PLACEMENT_3D('',#3113,#2529,#2530);
#2248=AXIS2_PLACEMENT_3D('',#3115,#2532,#2533);
#2249=AXIS2_PLACEMENT_3D('',#3116,#2534,#2535);
#2250=AXIS2_PLACEMENT_3D('',#3119,#2537,#2538);
#2251=AXIS2_PLACEMENT_3D('',#3122,#2541,#2542);
#2252=AXIS2_PLACEMENT_3D('',#3123,#2543,#2544);
#2253=AXIS2_PLACEMENT_3D('',#3127,#2547,#2548);
#2254=AXIS2_PLACEMENT_3D('',#3129,#2550,#2551);
#2255=AXIS2_PLACEMENT_3D('',#3130,#2552,#2553);
#2256=AXIS2_PLACEMENT_3D('',#3132,#2555,#2556);
#2257=AXIS2_PLACEMENT_3D('',#3133,#2557,#2558);
#2258=AXIS2_PLACEMENT_3D('',#3134,#2559,#2560);
#2259=AXIS2_PLACEMENT_3D('',#3135,#2561,#2562);
#2260=AXIS2_PLACEMENT_3D('',#3136,#2563,#2564);
#2261=AXIS2_PLACEMENT_3D('',#3137,#2565,#2566);
#2262=AXIS2_PLACEMENT_3D('',#3138,#2567,#2568);
#2263=AXIS2_PLACEMENT_3D('',#3179,#2589,#2590);
#2264=AXIS2_PLACEMENT_3D('',#3226,#2614,#2615);
#2265=AXIS2_PLACEMENT_3D('',#3230,#2617,#2618);
#2266=AXIS2_PLACEMENT_3D('',#3234,#2620,#2621);
#2267=AXIS2_PLACEMENT_3D('',#3238,#2623,#2624);
#2268=AXIS2_PLACEMENT_3D('',#3242,#2626,#2627);
#2269=AXIS2_PLACEMENT_3D('',#3245,#2630,#2631);
#2270=AXIS2_PLACEMENT_3D('',#3258,#2640,#2641);
#2271=AXIS2_PLACEMENT_3D('',#3270,#2649,#2650);
#2272=AXIS2_PLACEMENT_3D('',#3284,#2658,#2659);
#2273=AXIS2_PLACEMENT_3D('',#3290,#2663,#2664);
#2274=AXIS2_PLACEMENT_3D('',#3296,#2668,#2669);
#2275=AXIS2_PLACEMENT_3D('',#3305,#2674,#2675);
#2276=AXIS2_PLACEMENT_3D('',#3306,#2676,#2677);
#2277=AXIS2_PLACEMENT_3D('',#3312,#2681,#2682);
#2278=AXIS2_PLACEMENT_3D('',#3316,#2685,#2686);
#2279=AXIS2_PLACEMENT_3D('',#3320,#2689,#2690);
#2280=AXIS2_PLACEMENT_3D('',#3322,#2692,#2693);
#2281=AXIS2_PLACEMENT_3D('',#3325,#2696,#2697);
#2282=AXIS2_PLACEMENT_3D('',#3332,#2702,#2703);
#2283=AXIS2_PLACEMENT_3D('',#3334,#2705,#2706);
#2284=AXIS2_PLACEMENT_3D('',#3335,#2707,#2708);
#2285=AXIS2_PLACEMENT_3D('',#3338,#2711,#2712);
#2286=AXIS2_PLACEMENT_3D('',#3339,#2713,#2714);
#2287=AXIS2_PLACEMENT_3D('',#3342,#2717,#2718);
#2288=AXIS2_PLACEMENT_3D('',#3343,#2719,#2720);
#2289=AXIS2_PLACEMENT_3D('',#3346,#2723,#2724);
#2290=AXIS2_PLACEMENT_3D('',#3347,#2725,#2726);
#2291=AXIS2_PLACEMENT_3D('',#3350,#2729,#2730);
#2292=AXIS2_PLACEMENT_3D('',#3351,#2731,#2732);
#2293=AXIS2_PLACEMENT_3D('',#3352,#2733,#2734);
#2294=AXIS2_PLACEMENT_3D('',#3353,#2735,#2736);
#2295=AXIS2_PLACEMENT_3D('',#3354,#2737,#2738);
#2296=AXIS2_PLACEMENT_3D('',#3355,#2739,#2740);
#2297=AXIS2_PLACEMENT_3D('',#3359,#2743,#2744);
#2298=AXIS2_PLACEMENT_3D('',#3363,#2747,#2748);
#2299=AXIS2_PLACEMENT_3D('',#3367,#2751,#2752);
#2300=AXIS2_PLACEMENT_3D('',#3371,#2755,#2756);
#2301=AXIS2_PLACEMENT_3D('',#3375,#2759,#2760);
#2302=AXIS2_PLACEMENT_3D('',#3379,#2763,#2764);
#2303=AXIS2_PLACEMENT_3D('',#3381,#2766,#2767);
#2304=AXIS2_PLACEMENT_3D('',#3382,#2768,#2769);
#2305=AXIS2_PLACEMENT_3D('',#3396,#2777,#2778);
#2306=AXIS2_PLACEMENT_3D('',#3402,#2782,#2783);
#2307=AXIS2_PLACEMENT_3D('',#3406,#2786,#2787);
#2308=AXIS2_PLACEMENT_3D('',#3410,#2790,#2791);
#2309=AXIS2_PLACEMENT_3D('',#3412,#2793,#2794);
#2310=AXIS2_PLACEMENT_3D('',#3413,#2795,#2796);
#2311=AXIS2_PLACEMENT_3D('',#3419,#2800,#2801);
#2312=AXIS2_PLACEMENT_3D('',#3425,#2805,#2806);
#2313=AXIS2_PLACEMENT_3D('',#3429,#2809,#2810);
#2314=AXIS2_PLACEMENT_3D('',#3433,#2813,#2814);
#2315=AXIS2_PLACEMENT_3D('',#3435,#2816,#2817);
#2316=AXIS2_PLACEMENT_3D('',#3436,#2818,#2819);
#2317=AXIS2_PLACEMENT_3D('',#3437,#2820,#2821);
#2318=AXIS2_PLACEMENT_3D('',#3438,#2822,#2823);
#2319=AXIS2_PLACEMENT_3D('',#3439,#2824,#2825);
#2320=AXIS2_PLACEMENT_3D('',#3440,#2826,#2827);
#2321=AXIS2_PLACEMENT_3D('',#3441,#2828,#2829);
#2322=AXIS2_PLACEMENT_3D('',#3442,#2830,#2831);
#2323=AXIS2_PLACEMENT_3D('',#3443,#2832,#2833);
#2324=AXIS2_PLACEMENT_3D('',#3444,#2834,#2835);
#2325=AXIS2_PLACEMENT_3D('',#3445,#2836,#2837);
#2326=AXIS2_PLACEMENT_3D('',#3446,#2838,#2839);
#2327=AXIS2_PLACEMENT_3D('',#3447,#2840,#2841);
#2328=AXIS2_PLACEMENT_3D('',#3448,#2842,#2843);
#2329=AXIS2_PLACEMENT_3D('',#3449,#2844,#2845);
#2330=AXIS2_PLACEMENT_3D('',#3477,#2846,#2847);
#2331=AXIS2_PLACEMENT_3D('',#3478,#2848,#2849);
#2332=AXIS2_PLACEMENT_3D('',#3506,#2850,#2851);
#2333=AXIS2_PLACEMENT_3D('',#3507,#2852,#2853);
#2334=AXIS2_PLACEMENT_3D('',#3535,#2854,#2855);
#2335=AXIS2_PLACEMENT_3D('',#3536,#2856,#2857);
#2336=AXIS2_PLACEMENT_3D('',#3564,#2858,#2859);
#2337=AXIS2_PLACEMENT_3D('',#3565,#2860,#2861);
#2338=AXIS2_PLACEMENT_3D('',#3566,#2862,#2863);
#2339=AXIS2_PLACEMENT_3D('',#3568,#2864,#2865);
#2340=AXIS2_PLACEMENT_3D('',#3570,#2866,#2867);
#2341=AXIS2_PLACEMENT_3D('',#3571,#2868,#2869);
#2342=AXIS2_PLACEMENT_3D('',#3572,#2870,#2871);
#2343=AXIS2_PLACEMENT_3D('',#3573,#2872,#2873);
#2344=AXIS2_PLACEMENT_3D('',#3574,#2874,#2875);
#2345=AXIS2_PLACEMENT_3D('',#3599,#2888,#2889);
#2346=AXIS2_PLACEMENT_3D('',#3605,#2893,#2894);
#2347=AXIS2_PLACEMENT_3D('',#3609,#2897,#2898);
#2348=AXIS2_PLACEMENT_3D('',#3613,#2901,#2902);
#2349=AXIS2_PLACEMENT_3D('',#3615,#2904,#2905);
#2350=AXIS2_PLACEMENT_3D('',#3616,#2906,#2907);
#2351=AXIS2_PLACEMENT_3D('',#3622,#2911,#2912);
#2352=AXIS2_PLACEMENT_3D('',#3626,#2915,#2916);
#2353=AXIS2_PLACEMENT_3D('',#3630,#2919,#2920);
#2354=AXIS2_PLACEMENT_3D('',#3634,#2923,#2924);
#2355=AXIS2_PLACEMENT_3D('',#3638,#2927,#2928);
#2356=AXIS2_PLACEMENT_3D('',#3642,#2931,#2932);
#2357=AXIS2_PLACEMENT_3D('',#3646,#2935,#2936);
#2358=AXIS2_PLACEMENT_3D('',#3648,#2938,#2939);
#2359=AXIS2_PLACEMENT_3D('',#3649,#2940,#2941);
#2360=AXIS2_PLACEMENT_3D('',#3650,#2942,#2943);
#2361=DIRECTION('',(0.,0.,1.));
#2362=DIRECTION('',(1.,0.,0.));
#2363=DIRECTION('',(1.28055374703012E-16,-1.,0.));
#2364=DIRECTION('',(1.,1.28055374703012E-16,0.));
#2365=DIRECTION('',(1.,1.28055374703012E-16,0.));
#2366=DIRECTION('',(0.,0.,-1.));
#2367=DIRECTION('',(-1.,-1.28055374703012E-16,0.));
#2368=DIRECTION('',(0.,0.,-1.));
#2369=DIRECTION('',(-1.,-1.30087999698298E-16,0.));
#2370=DIRECTION('',(1.30087999698298E-16,-1.,0.));
#2371=DIRECTION('',(0.,0.,-1.));
#2372=DIRECTION('',(-1.,-1.30087999698298E-16,0.));
#2373=DIRECTION('',(1.30087999698298E-16,-1.,0.));
#2374=DIRECTION('',(0.,0.,-1.));
#2375=DIRECTION('',(-1.30087999698298E-16,1.,0.));
#2376=DIRECTION('',(0.,0.,-1.));
#2377=DIRECTION('',(1.30087999698298E-16,-1.,0.));
#2378=DIRECTION('',(8.53702498020082E-17,-1.,0.));
#2379=DIRECTION('',(1.,8.53702498020082E-17,0.));
#2380=DIRECTION('',(-1.,-8.53702498020082E-17,0.));
#2381=DIRECTION('',(0.,0.,-1.));
#2382=DIRECTION('',(1.,8.53702498020082E-17,0.));
#2383=DIRECTION('',(0.,0.,-1.));
#2384=DIRECTION('',(-1.,-1.30087999698298E-16,0.));
#2385=DIRECTION('',(1.30087999698298E-16,-1.,0.));
#2386=DIRECTION('',(0.,0.,-1.));
#2387=DIRECTION('',(-1.,-1.30087999698298E-16,0.));
#2388=DIRECTION('',(1.30087999698298E-16,-1.,0.));
#2389=DIRECTION('',(0.,0.,-1.));
#2390=DIRECTION('',(1.30087999698298E-16,-1.,0.));
#2391=DIRECTION('',(0.,0.,-1.));
#2392=DIRECTION('',(-1.30087999698298E-16,1.,0.));
#2393=DIRECTION('',(0.,0.,1.));
#2394=DIRECTION('',(1.,0.,0.));
#2395=DIRECTION('',(0.,0.,1.));
#2396=DIRECTION('',(1.,0.,0.));
#2397=DIRECTION('',(0.,0.,1.));
#2398=DIRECTION('',(1.,0.,0.));
#2399=DIRECTION('',(0.,0.,1.));
#2400=DIRECTION('',(1.,0.,0.));
#2401=DIRECTION('',(0.,0.,1.));
#2402=DIRECTION('',(1.,0.,0.));
#2403=DIRECTION('',(1.4009476890586E-16,-1.,0.));
#2404=DIRECTION('',(1.,1.4009476890586E-16,0.));
#2405=DIRECTION('',(-1.,-1.4009476890586E-16,0.));
#2406=DIRECTION('',(0.,0.,-1.));
#2407=DIRECTION('',(-1.,-1.4009476890586E-16,0.));
#2408=DIRECTION('',(0.,0.,-1.));
#2409=DIRECTION('',(1.,1.97245342502835E-16,0.));
#2410=DIRECTION('',(-1.97245342502835E-16,1.,0.));
#2411=DIRECTION('',(1.97245342502835E-16,-1.,0.));
#2412=DIRECTION('',(0.,0.,-1.));
#2413=DIRECTION('',(1.97245342502835E-16,-1.,0.));
#2414=DIRECTION('',(0.,0.,-1.));
#2415=DIRECTION('',(0.,1.,0.));
#2416=DIRECTION('',(0.,0.,1.));
#2417=DIRECTION('',(1.,0.,0.));
#2418=DIRECTION('',(0.,0.,-1.));
#2419=DIRECTION('',(1.,0.,0.));
#2420=DIRECTION('',(0.,0.,-1.));
#2421=DIRECTION('',(1.,1.97245342502835E-16,0.));
#2422=DIRECTION('',(-1.97245342502835E-16,1.,0.));
#2423=DIRECTION('',(1.97245342502835E-16,-1.,0.));
#2424=DIRECTION('',(0.,0.,-1.));
#2425=DIRECTION('',(1.97245342502835E-16,-1.,0.));
#2426=DIRECTION('',(0.,0.,-1.));
#2427=DIRECTION('',(0.,0.,-1.));
#2428=DIRECTION('',(1.,0.,0.));
#2429=DIRECTION('',(0.,0.,-1.));
#2430=DIRECTION('',(-1.,0.,0.));
#2431=DIRECTION('',(0.,0.,-1.));
#2432=DIRECTION('',(-1.,0.,0.));
#2433=DIRECTION('',(0.,0.,-1.));
#2434=DIRECTION('',(-1.,0.,0.));
#2435=DIRECTION('',(0.,0.,-1.));
#2436=DIRECTION('',(-1.,0.,0.));
#2437=DIRECTION('',(0.,0.,-1.));
#2438=DIRECTION('',(-1.,0.,0.));
#2439=DIRECTION('',(0.,0.,-1.));
#2440=DIRECTION('',(-1.,0.,0.));
#2441=DIRECTION('',(0.,0.,-1.));
#2442=DIRECTION('',(-1.,0.,0.));
#2443=DIRECTION('',(0.,0.,-1.));
#2444=DIRECTION('',(-1.,0.,0.));
#2445=DIRECTION('',(0.,0.,1.));
#2446=DIRECTION('',(1.,0.,0.));
#2447=DIRECTION('',(0.,0.,1.));
#2448=DIRECTION('',(1.,0.,0.));
#2449=DIRECTION('',(0.,0.,1.));
#2450=DIRECTION('',(1.,0.,0.));
#2451=DIRECTION('',(0.,0.,1.));
#2452=DIRECTION('',(1.,0.,0.));
#2453=DIRECTION('',(0.,0.,1.));
#2454=DIRECTION('',(1.,0.,0.));
#2455=DIRECTION('',(0.,0.,1.));
#2456=DIRECTION('',(1.,0.,0.));
#2457=DIRECTION('',(0.,0.,-1.));
#2458=DIRECTION('',(-1.,0.,0.));
#2459=DIRECTION('',(0.,0.,1.));
#2460=DIRECTION('',(1.,0.,0.));
#2461=DIRECTION('',(0.,0.,-1.));
#2462=DIRECTION('',(-1.,0.,0.));
#2463=DIRECTION('',(0.,0.,1.));
#2464=DIRECTION('',(1.,0.,0.));
#2465=DIRECTION('',(0.,0.,-1.));
#2466=DIRECTION('',(-1.,0.,0.));
#2467=DIRECTION('',(0.,0.,1.));
#2468=DIRECTION('',(1.,0.,0.));
#2469=DIRECTION('',(0.,0.,-1.));
#2470=DIRECTION('',(-1.,0.,0.));
#2471=DIRECTION('',(-1.,-1.30087999698298E-16,0.));
#2472=DIRECTION('',(1.30087999698298E-16,-1.,0.));
#2473=DIRECTION('',(-3.45126646034186E-31,4.84467305526798E-32,1.));
#2474=DIRECTION('',(-1.,2.23191765351228E-16,-3.45126646034186E-31));
#2475=DIRECTION('',(0.,0.,1.));
#2476=DIRECTION('',(1.,0.,0.));
#2477=DIRECTION('',(1.36592399683213E-16,1.,0.));
#2478=DIRECTION('',(-1.,1.36592399683213E-16,0.));
#2479=DIRECTION('',(1.36592399683213E-16,1.,0.));
#2480=DIRECTION('',(-1.,1.36592399683213E-16,0.));
#2481=DIRECTION('',(0.,0.,1.));
#2482=DIRECTION('',(1.,-1.36592399683213E-16,0.));
#2483=DIRECTION('',(0.,0.,1.));
#2484=DIRECTION('',(-1.,1.36592399683213E-16,0.));
#2485=DIRECTION('',(1.0244429976241E-16,1.,0.));
#2486=DIRECTION('',(-1.,1.0244429976241E-16,0.));
#2487=DIRECTION('',(1.0244429976241E-16,1.,0.));
#2488=DIRECTION('',(-1.,1.0244429976241E-16,0.));
#2489=DIRECTION('',(0.,0.,1.));
#2490=DIRECTION('',(-1.,1.0244429976241E-16,0.));
#2491=DIRECTION('',(0.,0.,1.));
#2492=DIRECTION('',(-1.,1.0244429976241E-16,0.));
#2493=DIRECTION('',(1.,-3.41480999208033E-16,0.));
#2494=DIRECTION('',(3.41480999208033E-16,1.,0.));
#2495=DIRECTION('',(1.,-3.41480999208033E-16,0.));
#2496=DIRECTION('',(3.41480999208033E-16,1.,0.));
#2497=DIRECTION('',(1.,-3.41480999208033E-16,0.));
#2498=DIRECTION('',(3.41480999208033E-16,1.,0.));
#2499=DIRECTION('',(1.,-3.41480999208033E-16,0.));
#2500=DIRECTION('',(3.41480999208033E-16,1.,0.));
#2501=DIRECTION('',(3.41480999208033E-16,1.,0.));
#2502=DIRECTION('',(1.,-3.41480999208033E-16,0.));
#2503=DIRECTION('',(3.41480999208033E-16,1.,0.));
#2504=DIRECTION('',(0.,0.,1.));
#2505=DIRECTION('',(1.,-3.41480999208033E-16,0.));
#2506=DIRECTION('',(3.41480999208033E-16,1.,0.));
#2507=DIRECTION('',(1.,-3.41480999208033E-16,0.));
#2508=DIRECTION('',(3.41480999208033E-16,1.,0.));
#2509=DIRECTION('',(0.,0.,1.));
#2510=DIRECTION('',(3.41480999208033E-16,1.,0.));
#2511=DIRECTION('',(1.,-3.41480999208033E-16,0.));
#2512=DIRECTION('',(3.41480999208033E-16,1.,0.));
#2513=DIRECTION('',(1.,-3.41480999208033E-16,0.));
#2514=DIRECTION('',(3.41480999208033E-16,1.,0.));
#2515=DIRECTION('',(1.,-3.41480999208033E-16,0.));
#2516=DIRECTION('',(3.41480999208033E-16,1.,0.));
#2517=DIRECTION('',(3.41480999208033E-16,1.,0.));
#2518=DIRECTION('',(0.,0.,1.));
#2519=DIRECTION('',(1.,-3.41480999208033E-16,0.));
#2520=DIRECTION('',(3.41480999208033E-16,1.,0.));
#2521=DIRECTION('',(1.,-3.41480999208033E-16,0.));
#2522=DIRECTION('',(3.41480999208033E-16,1.,0.));
#2523=DIRECTION('',(0.,0.,1.));
#2524=DIRECTION('',(1.,-3.41480999208033E-16,0.));
#2525=DIRECTION('',(3.41480999208033E-16,1.,0.));
#2526=DIRECTION('',(3.41480999208033E-16,1.,0.));
#2527=DIRECTION('',(1.,-3.41480999208033E-16,0.));
#2528=DIRECTION('',(3.41480999208033E-16,1.,0.));
#2529=DIRECTION('',(0.,0.,1.));
#2530=DIRECTION('',(1.,0.,0.));
#2531=DIRECTION('',(1.,0.,0.));
#2532=DIRECTION('',(0.,-1.,0.));
#2533=DIRECTION('',(0.,0.,-1.));
#2534=DIRECTION('',(0.,-1.,0.));
#2535=DIRECTION('',(0.,0.,-1.));
#2536=DIRECTION('',(-1.,0.,0.));
#2537=DIRECTION('',(0.,0.,1.));
#2538=DIRECTION('',(1.,0.,0.));
#2539=DIRECTION('',(1.,-1.36592399683213E-16,0.));
#2540=DIRECTION('',(1.,0.,0.));
#2541=DIRECTION('',(0.,-1.,0.));
#2542=DIRECTION('',(0.,0.,-1.));
#2543=DIRECTION('',(0.,-1.,0.));
#2544=DIRECTION('',(0.,0.,-1.));
#2545=DIRECTION('',(1.,0.,0.));
#2546=DIRECTION('',(-1.,0.,0.));
#2547=DIRECTION('',(1.,-1.36592399683213E-16,0.));
#2548=DIRECTION('',(1.36592399683213E-16,1.,0.));
#2549=DIRECTION('',(1.,-1.36592399683213E-16,0.));
#2550=DIRECTION('',(-1.,1.0244429976241E-16,0.));
#2551=DIRECTION('',(-1.0244429976241E-16,-1.,0.));
#2552=DIRECTION('',(-1.,0.,0.));
#2553=DIRECTION('',(0.,0.,1.));
#2554=DIRECTION('',(-1.,0.,0.));
#2555=DIRECTION('',(1.,0.,0.));
#2556=DIRECTION('',(0.,0.,-1.));
#2557=DIRECTION('',(1.,-1.36592399683213E-16,0.));
#2558=DIRECTION('',(1.36592399683213E-16,1.,0.));
#2559=DIRECTION('',(1.,0.,0.));
#2560=DIRECTION('',(0.,0.,-1.));
#2561=DIRECTION('',(-1.0244429976241E-16,-1.,0.));
#2562=DIRECTION('',(1.,-1.0244429976241E-16,0.));
#2563=DIRECTION('',(-1.0244429976241E-16,-1.,0.));
#2564=DIRECTION('',(1.,-1.0244429976241E-16,0.));
#2565=DIRECTION('',(0.,0.,1.));
#2566=DIRECTION('',(4.34886340302819E-17,-1.,0.));
#2567=DIRECTION('',(-1.,0.,0.));
#2568=DIRECTION('',(0.,0.,1.));
#2569=DIRECTION('',(0.,1.,-2.95334918233975E-16));
#2570=DIRECTION('',(0.,9.89799997704443E-17,1.));
#2571=DIRECTION('',(0.,1.,-2.95334918233975E-16));
#2572=DIRECTION('',(0.,9.89799997704443E-17,1.));
#2573=DIRECTION('',(0.,-1.,0.));
#2574=DIRECTION('',(0.,0.,-1.));
#2575=DIRECTION('',(0.,1.,0.));
#2576=DIRECTION('',(0.,0.,1.));
#2577=DIRECTION('',(0.,1.,0.));
#2578=DIRECTION('',(0.,0.,1.));
#2579=DIRECTION('',(0.,1.,0.));
#2580=DIRECTION('',(0.,0.,1.));
#2581=DIRECTION('',(0.,1.,0.));
#2582=DIRECTION('',(0.,0.,1.));
#2583=DIRECTION('',(0.,1.,0.));
#2584=DIRECTION('',(0.,0.,-1.));
#2585=DIRECTION('',(0.,1.,0.));
#2586=DIRECTION('',(0.,0.,-1.));
#2587=DIRECTION('',(0.,-1.,-1.36592399683213E-16));
#2588=DIRECTION('',(0.,2.73184799366426E-16,-1.));
#2589=DIRECTION('',(-1.,0.,0.));
#2590=DIRECTION('',(0.,0.,1.));
#2591=DIRECTION('',(0.,0.,-1.));
#2592=DIRECTION('',(0.,1.,0.));
#2593=DIRECTION('',(0.,0.,1.));
#2594=DIRECTION('',(0.,1.,0.));
#2595=DIRECTION('',(0.,0.,1.));
#2596=DIRECTION('',(0.,1.,0.));
#2597=DIRECTION('',(0.,0.,1.));
#2598=DIRECTION('',(0.,1.,0.));
#2599=DIRECTION('',(0.,0.,1.));
#2600=DIRECTION('',(0.,1.,0.));
#2601=DIRECTION('',(0.,0.,-1.));
#2602=DIRECTION('',(0.,1.,0.));
#2603=DIRECTION('',(0.,1.,0.));
#2604=DIRECTION('',(0.,-4.44202925799067E-16,1.));
#2605=DIRECTION('',(0.,-1.,-9.26050167343817E-16));
#2606=DIRECTION('',(0.,3.7942333245337E-15,-1.));
#2607=DIRECTION('',(0.,-1.,-5.46369598732853E-16));
#2608=DIRECTION('',(0.,-4.710082747697E-16,1.));
#2609=DIRECTION('',(0.,-1.,-1.0927391974657E-15));
#2610=DIRECTION('',(0.,-1.51769332981348E-15,1.));
#2611=DIRECTION('',(0.,-8.53702498020082E-17,1.));
#2612=DIRECTION('',(0.,1.,0.));
#2613=DIRECTION('',(0.,-8.53702498020082E-17,1.));
#2614=DIRECTION('',(0.,0.,1.));
#2615=DIRECTION('',(1.,0.,0.));
#2616=DIRECTION('',(0.,1.,0.));
#2617=DIRECTION('',(0.,0.,1.));
#2618=DIRECTION('',(1.,0.,0.));
#2619=DIRECTION('',(-1.,-1.85210033468763E-16,0.));
#2620=DIRECTION('',(0.,0.,1.));
#2621=DIRECTION('',(1.,0.,0.));
#2622=DIRECTION('',(0.,1.,0.));
#2623=DIRECTION('',(0.,0.,1.));
#2624=DIRECTION('',(1.,0.,0.));
#2625=DIRECTION('',(-1.,-9.26050167343818E-17,0.));
#2626=DIRECTION('',(0.,0.,1.));
#2627=DIRECTION('',(1.,0.,0.));
#2628=DIRECTION('',(-1.,-1.01179555320899E-16,0.));
#2629=DIRECTION('',(-1.,-2.02359110641797E-16,0.));
#2630=DIRECTION('',(2.02359110641797E-16,-1.,0.));
#2631=DIRECTION('',(1.,2.02359110641797E-16,0.));
#2632=DIRECTION('',(-1.,-2.02359110641797E-16,0.));
#2633=DIRECTION('',(0.,0.,1.));
#2634=DIRECTION('',(-1.,-2.02359110641797E-16,0.));
#2635=DIRECTION('',(-1.,-2.02359110641797E-16,0.));
#2636=DIRECTION('',(0.,0.,1.));
#2637=DIRECTION('',(-1.,-2.02359110641797E-16,0.));
#2638=DIRECTION('',(0.,0.,-1.));
#2639=DIRECTION('',(-1.,-2.02359110641797E-16,0.));
#2640=DIRECTION('',(1.01179555320899E-16,-1.,0.));
#2641=DIRECTION('',(1.,1.01179555320899E-16,0.));
#2642=DIRECTION('',(-1.,-1.01179555320899E-16,0.));
#2643=DIRECTION('',(0.,0.,1.));
#2644=DIRECTION('',(-1.,-1.01179555320899E-16,0.));
#2645=DIRECTION('',(-1.,-1.01179555320899E-16,0.));
#2646=DIRECTION('',(0.,0.,1.));
#2647=DIRECTION('',(-1.,-1.01179555320899E-16,0.));
#2648=DIRECTION('',(-1.,-1.01179555320899E-16,0.));
#2649=DIRECTION('',(-1.,0.,0.));
#2650=DIRECTION('',(0.,0.,1.));
#2651=DIRECTION('',(0.,1.,0.));
#2652=DIRECTION('',(0.,0.,-1.));
#2653=DIRECTION('',(0.,0.,-1.));
#2654=DIRECTION('',(0.,8.53702498020082E-17,-1.));
#2655=DIRECTION('',(0.,-1.,0.));
#2656=DIRECTION('',(0.,8.53702498020082E-17,-1.));
#2657=DIRECTION('',(0.,-1.,0.));
#2658=DIRECTION('',(9.26050167343818E-17,-1.,0.));
#2659=DIRECTION('',(1.,9.26050167343818E-17,0.));
#2660=DIRECTION('',(-1.,-9.26050167343818E-17,0.));
#2661=DIRECTION('',(0.,0.,-1.));
#2662=DIRECTION('',(0.,0.,-1.));
#2663=DIRECTION('',(1.85210033468763E-16,-1.,0.));
#2664=DIRECTION('',(1.,1.85210033468763E-16,0.));
#2665=DIRECTION('',(0.,0.,-1.));
#2666=DIRECTION('',(-1.,-1.85210033468763E-16,0.));
#2667=DIRECTION('',(0.,0.,-1.));
#2668=DIRECTION('',(0.,0.,1.));
#2669=DIRECTION('',(1.,0.,0.));
#2670=DIRECTION('',(-1.,-9.26050167343818E-17,0.));
#2671=DIRECTION('',(0.,1.,0.));
#2672=DIRECTION('',(-1.,-1.85210033468763E-16,0.));
#2673=DIRECTION('',(0.,1.,0.));
#2674=DIRECTION('',(0.,0.,1.));
#2675=DIRECTION('',(1.,0.,0.));
#2676=DIRECTION('',(0.,2.95334918233975E-16,1.));
#2677=DIRECTION('',(0.,-1.,2.95334918233975E-16));
#2678=DIRECTION('',(0.,1.,-2.95334918233975E-16));
#2679=DIRECTION('',(-1.,0.,0.));
#2680=DIRECTION('',(-1.,0.,0.));
#2681=DIRECTION('',(0.,-1.,9.89799997704443E-17));
#2682=DIRECTION('',(0.,-9.89799997704443E-17,-1.));
#2683=DIRECTION('',(0.,9.89799997704443E-17,1.));
#2684=DIRECTION('',(-1.,0.,0.));
#2685=DIRECTION('',(0.,2.95334918233975E-16,1.));
#2686=DIRECTION('',(0.,-1.,2.95334918233975E-16));
#2687=DIRECTION('',(0.,1.,-2.95334918233975E-16));
#2688=DIRECTION('',(-1.,0.,0.));
#2689=DIRECTION('',(0.,-1.,9.89799997704443E-17));
#2690=DIRECTION('',(0.,-9.89799997704443E-17,-1.));
#2691=DIRECTION('',(0.,9.89799997704443E-17,1.));
#2692=DIRECTION('',(0.,-1.,-8.53702498020082E-17));
#2693=DIRECTION('',(0.,8.53702498020082E-17,-1.));
#2694=DIRECTION('',(1.,0.,0.));
#2695=DIRECTION('',(1.,0.,0.));
#2696=DIRECTION('',(0.,0.,1.));
#2697=DIRECTION('',(1.,0.,0.));
#2698=DIRECTION('',(1.,0.,0.));
#2699=DIRECTION('',(1.,0.,0.));
#2700=DIRECTION('',(0.,1.,0.));
#2701=DIRECTION('',(1.,0.,0.));
#2702=DIRECTION('',(0.,-1.,-8.53702498020082E-17));
#2703=DIRECTION('',(0.,8.53702498020082E-17,-1.));
#2704=DIRECTION('',(1.,0.,0.));
#2705=DIRECTION('',(0.,0.,1.));
#2706=DIRECTION('',(1.,0.,0.));
#2707=DIRECTION('',(-0.707106781186547,0.707106781186548,0.));
#2708=DIRECTION('',(-0.707106781186548,-0.707106781186547,0.));
#2709=DIRECTION('',(-0.707106781186548,-0.707106781186547,0.));
#2710=DIRECTION('',(-0.707106781186548,-0.707106781186547,0.));
#2711=DIRECTION('',(0.,0.,1.));
#2712=DIRECTION('',(1.,0.,0.));
#2713=DIRECTION('',(-0.707106781186547,-0.707106781186548,0.));
#2714=DIRECTION('',(0.707106781186548,-0.707106781186547,0.));
#2715=DIRECTION('',(0.707106781186548,-0.707106781186547,0.));
#2716=DIRECTION('',(0.707106781186548,-0.707106781186547,0.));
#2717=DIRECTION('',(0.,0.,1.));
#2718=DIRECTION('',(1.,0.,0.));
#2719=DIRECTION('',(0.707106781186547,-0.707106781186548,0.));
#2720=DIRECTION('',(0.707106781186548,0.707106781186547,0.));
#2721=DIRECTION('',(0.707106781186548,0.707106781186547,0.));
#2722=DIRECTION('',(0.707106781186548,0.707106781186547,0.));
#2723=DIRECTION('',(0.,0.,1.));
#2724=DIRECTION('',(1.,0.,0.));
#2725=DIRECTION('',(0.707106781186547,0.707106781186548,0.));
#2726=DIRECTION('',(-0.707106781186548,0.707106781186547,0.));
#2727=DIRECTION('',(-0.707106781186548,0.707106781186547,0.));
#2728=DIRECTION('',(-0.707106781186548,0.707106781186547,0.));
#2729=DIRECTION('',(0.,0.,1.));
#2730=DIRECTION('',(1.,0.,0.));
#2731=DIRECTION('',(0.,0.,1.));
#2732=DIRECTION('',(1.,0.,0.));
#2733=DIRECTION('',(0.,0.,1.));
#2734=DIRECTION('',(1.,0.,0.));
#2735=DIRECTION('',(0.,0.,1.));
#2736=DIRECTION('',(1.,0.,0.));
#2737=DIRECTION('',(0.,0.,1.));
#2738=DIRECTION('',(1.,0.,0.));
#2739=DIRECTION('',(0.,1.,1.51769332981348E-15));
#2740=DIRECTION('',(0.,-1.51769332981348E-15,1.));
#2741=DIRECTION('',(1.,0.,0.));
#2742=DIRECTION('',(0.,-1.51769332981348E-15,1.));
#2743=DIRECTION('',(0.,-1.0927391974657E-15,1.));
#2744=DIRECTION('',(0.,-1.,-1.0927391974657E-15));
#2745=DIRECTION('',(1.,0.,0.));
#2746=DIRECTION('',(0.,-1.,-1.0927391974657E-15));
#2747=DIRECTION('',(0.,1.,4.710082747697E-16));
#2748=DIRECTION('',(0.,-4.710082747697E-16,1.));
#2749=DIRECTION('',(1.,0.,0.));
#2750=DIRECTION('',(0.,-4.710082747697E-16,1.));
#2751=DIRECTION('',(0.,-5.46369598732853E-16,1.));
#2752=DIRECTION('',(0.,-1.,-5.46369598732853E-16));
#2753=DIRECTION('',(1.,0.,0.));
#2754=DIRECTION('',(0.,-1.,-5.46369598732853E-16));
#2755=DIRECTION('',(0.,-1.,-3.7942333245337E-15));
#2756=DIRECTION('',(0.,3.7942333245337E-15,-1.));
#2757=DIRECTION('',(1.,0.,0.));
#2758=DIRECTION('',(0.,3.7942333245337E-15,-1.));
#2759=DIRECTION('',(0.,-9.26050167343817E-16,1.));
#2760=DIRECTION('',(0.,-1.,-9.26050167343817E-16));
#2761=DIRECTION('',(1.,0.,0.));
#2762=DIRECTION('',(0.,-1.,-9.26050167343817E-16));
#2763=DIRECTION('',(0.,1.,4.44202925799067E-16));
#2764=DIRECTION('',(0.,-4.44202925799067E-16,1.));
#2765=DIRECTION('',(0.,-4.44202925799067E-16,1.));
#2766=DIRECTION('',(-1.,0.,0.));
#2767=DIRECTION('',(0.,-1.,0.));
#2768=DIRECTION('',(-1.,0.,0.));
#2769=DIRECTION('',(0.,0.,1.));
#2770=DIRECTION('',(0.,1.,0.));
#2771=DIRECTION('',(0.,0.,-1.));
#2772=DIRECTION('',(0.,0.,-1.));
#2773=DIRECTION('',(0.,0.,-1.));
#2774=DIRECTION('',(0.,-1.,0.));
#2775=DIRECTION('',(0.,2.15956363135515E-16,1.));
#2776=DIRECTION('',(0.,-1.,0.));
#2777=DIRECTION('',(0.,1.,0.));
#2778=DIRECTION('',(0.,0.,1.));
#2779=DIRECTION('',(-1.,0.,0.));
#2780=DIRECTION('',(0.,0.,-1.));
#2781=DIRECTION('',(-1.,0.,0.));
#2782=DIRECTION('',(0.,0.,-1.));
#2783=DIRECTION('',(-1.,0.,0.));
#2784=DIRECTION('',(0.,-1.,0.));
#2785=DIRECTION('',(-1.,0.,0.));
#2786=DIRECTION('',(0.,-1.,2.15956363135515E-16));
#2787=DIRECTION('',(0.,-2.15956363135515E-16,-1.));
#2788=DIRECTION('',(0.,2.15956363135515E-16,1.));
#2789=DIRECTION('',(-1.,0.,0.));
#2790=DIRECTION('',(0.,0.,-1.));
#2791=DIRECTION('',(-1.,0.,0.));
#2792=DIRECTION('',(0.,-1.,0.));
#2793=DIRECTION('',(-1.,0.,0.));
#2794=DIRECTION('',(0.,-1.,0.));
#2795=DIRECTION('',(1.,0.,0.));
#2796=DIRECTION('',(0.,1.,0.));
#2797=DIRECTION('',(0.,-1.,0.));
#2798=DIRECTION('',(0.,0.,-1.));
#2799=DIRECTION('',(0.,-1.,-1.36592399683213E-16));
#2800=DIRECTION('',(0.,-1.,0.));
#2801=DIRECTION('',(0.,0.,-1.));
#2802=DIRECTION('',(1.,0.,0.));
#2803=DIRECTION('',(0.,0.,-1.));
#2804=DIRECTION('',(1.,0.,0.));
#2805=DIRECTION('',(0.,0.,1.));
#2806=DIRECTION('',(1.,0.,0.));
#2807=DIRECTION('',(1.,0.,0.));
#2808=DIRECTION('',(0.,-1.,0.));
#2809=DIRECTION('',(0.,-1.,-2.73184799366426E-16));
#2810=DIRECTION('',(0.,2.73184799366426E-16,-1.));
#2811=DIRECTION('',(1.,0.,0.));
#2812=DIRECTION('',(0.,2.73184799366426E-16,-1.));
#2813=DIRECTION('',(0.,-1.36592399683213E-16,1.));
#2814=DIRECTION('',(0.,-1.,-1.36592399683213E-16));
#2815=DIRECTION('',(0.,-1.,-1.36592399683213E-16));
#2816=DIRECTION('',(1.,0.,0.));
#2817=DIRECTION('',(0.,1.,0.));
#2818=DIRECTION('',(1.,9.26050167343818E-17,0.));
#2819=DIRECTION('',(-9.26050167343818E-17,1.,0.));
#2820=DIRECTION('',(-0.957024404433473,-0.290007395282871,0.));
#2821=DIRECTION('',(-0.290007395282871,0.957024404433474,0.));
#2822=DIRECTION('',(-0.957024404433473,0.290007395282871,0.));
#2823=DIRECTION('',(-0.290007395282871,-0.957024404433474,0.));
#2824=DIRECTION('',(0.,1.,0.));
#2825=DIRECTION('',(0.,0.,1.));
#2826=DIRECTION('',(0.290007395282871,-0.957024404433474,0.));
#2827=DIRECTION('',(-0.957024404433474,-0.290007395282871,0.));
#2828=DIRECTION('',(-0.290007395282871,-0.957024404433473,0.));
#2829=DIRECTION('',(-0.957024404433474,0.290007395282871,0.));
#2830=DIRECTION('',(0.,-1.,0.));
#2831=DIRECTION('',(0.,0.,-1.));
#2832=DIRECTION('',(-0.290007395282871,0.957024404433473,0.));
#2833=DIRECTION('',(-0.957024404433474,-0.290007395282871,0.));
#2834=DIRECTION('',(0.290007395282871,0.957024404433474,0.));
#2835=DIRECTION('',(-0.957024404433474,0.290007395282871,0.));
#2836=DIRECTION('',(-1.,-1.85210033468763E-16,0.));
#2837=DIRECTION('',(1.85210033468763E-16,-1.,0.));
#2838=DIRECTION('',(0.957024404433474,-0.290007395282871,0.));
#2839=DIRECTION('',(-0.290007395282871,-0.957024404433474,0.));
#2840=DIRECTION('',(0.957024404433474,0.290007395282871,0.));
#2841=DIRECTION('',(-0.290007395282871,0.957024404433474,0.));
#2842=DIRECTION('',(0.,0.,-1.));
#2843=DIRECTION('',(-1.,0.,0.));
#2844=DIRECTION('',(0.,0.,-1.));
#2845=DIRECTION('',(-1.,0.,0.));
#2846=DIRECTION('',(0.,0.,1.));
#2847=DIRECTION('',(1.,0.,0.));
#2848=DIRECTION('',(0.,0.,-1.));
#2849=DIRECTION('',(-1.,0.,0.));
#2850=DIRECTION('',(0.,0.,-1.));
#2851=DIRECTION('',(-1.,0.,0.));
#2852=DIRECTION('',(0.,0.,-1.));
#2853=DIRECTION('',(-1.,0.,0.));
#2854=DIRECTION('',(0.,0.,1.));
#2855=DIRECTION('',(1.,0.,0.));
#2856=DIRECTION('',(0.,0.,-1.));
#2857=DIRECTION('',(-1.,0.,0.));
#2858=DIRECTION('',(0.,0.,1.));
#2859=DIRECTION('',(1.,0.,0.));
#2860=DIRECTION('',(0.,0.,-1.));
#2861=DIRECTION('',(-1.,0.,0.));
#2862=DIRECTION('',(0.,0.,1.));
#2863=DIRECTION('',(1.,0.,0.));
#2864=DIRECTION('',(0.,0.,1.));
#2865=DIRECTION('',(1.,0.,0.));
#2866=DIRECTION('',(0.,0.,1.));
#2867=DIRECTION('',(1.,0.,0.));
#2868=DIRECTION('',(0.,0.,1.));
#2869=DIRECTION('',(1.,0.,0.));
#2870=DIRECTION('',(1.,-1.73258929065366E-16,0.));
#2871=DIRECTION('',(0.,0.,-1.));
#2872=DIRECTION('',(1.,4.34886340302819E-17,0.));
#2873=DIRECTION('',(0.,0.,-1.));
#2874=DIRECTION('',(0.,0.,1.));
#2875=DIRECTION('',(1.,0.,0.));
#2876=DIRECTION('',(-1.,-1.95131999547447E-16,0.));
#2877=DIRECTION('',(0.,1.,0.));
#2878=DIRECTION('',(-1.,-1.95131999547447E-16,0.));
#2879=DIRECTION('',(0.,1.,0.));
#2880=DIRECTION('',(-1.,0.,0.));
#2881=DIRECTION('',(0.,1.,0.));
#2882=DIRECTION('',(-1.,0.,0.));
#2883=DIRECTION('',(0.,1.,0.));
#2884=DIRECTION('',(-1.,0.,0.));
#2885=DIRECTION('',(0.,1.,0.));
#2886=DIRECTION('',(-1.,0.,0.));
#2887=DIRECTION('',(0.,1.,0.));
#2888=DIRECTION('',(1.95131999547447E-16,-1.,0.));
#2889=DIRECTION('',(1.,1.95131999547447E-16,0.));
#2890=DIRECTION('',(-1.,-1.95131999547447E-16,0.));
#2891=DIRECTION('',(0.,0.,-1.));
#2892=DIRECTION('',(0.,0.,-1.));
#2893=DIRECTION('',(-1.,0.,0.));
#2894=DIRECTION('',(0.,0.,1.));
#2895=DIRECTION('',(0.,1.,0.));
#2896=DIRECTION('',(0.,0.,-1.));
#2897=DIRECTION('',(1.95131999547447E-16,-1.,0.));
#2898=DIRECTION('',(1.,1.95131999547447E-16,0.));
#2899=DIRECTION('',(-1.,-1.95131999547447E-16,0.));
#2900=DIRECTION('',(0.,0.,-1.));
#2901=DIRECTION('',(-1.,0.,0.));
#2902=DIRECTION('',(0.,0.,1.));
#2903=DIRECTION('',(0.,1.,0.));
#2904=DIRECTION('',(0.,0.,1.));
#2905=DIRECTION('',(1.,0.,0.));
#2906=DIRECTION('',(-1.,0.,0.));
#2907=DIRECTION('',(0.,0.,1.));
#2908=DIRECTION('',(0.,0.,-1.));
#2909=DIRECTION('',(0.,1.,0.));
#2910=DIRECTION('',(0.,0.,-1.));
#2911=DIRECTION('',(0.,-1.,0.));
#2912=DIRECTION('',(0.,0.,-1.));
#2913=DIRECTION('',(0.,0.,-1.));
#2914=DIRECTION('',(-1.,0.,0.));
#2915=DIRECTION('',(-1.,0.,0.));
#2916=DIRECTION('',(0.,0.,1.));
#2917=DIRECTION('',(0.,0.,-1.));
#2918=DIRECTION('',(0.,1.,0.));
#2919=DIRECTION('',(0.,-1.,0.));
#2920=DIRECTION('',(0.,0.,-1.));
#2921=DIRECTION('',(0.,0.,-1.));
#2922=DIRECTION('',(-1.,0.,0.));
#2923=DIRECTION('',(-1.,0.,0.));
#2924=DIRECTION('',(0.,0.,1.));
#2925=DIRECTION('',(0.,0.,-1.));
#2926=DIRECTION('',(0.,1.,0.));
#2927=DIRECTION('',(0.,-1.,0.));
#2928=DIRECTION('',(0.,0.,-1.));
#2929=DIRECTION('',(0.,0.,-1.));
#2930=DIRECTION('',(-1.,0.,0.));
#2931=DIRECTION('',(-1.,0.,0.));
#2932=DIRECTION('',(0.,0.,1.));
#2933=DIRECTION('',(0.,0.,-1.));
#2934=DIRECTION('',(0.,1.,0.));
#2935=DIRECTION('',(0.,-1.,0.));
#2936=DIRECTION('',(0.,0.,-1.));
#2937=DIRECTION('',(-1.,0.,0.));
#2938=DIRECTION('',(0.,0.,1.));
#2939=DIRECTION('',(1.,0.,0.));
#2940=DIRECTION('',(-3.15544362088404E-30,-2.71748715153023E-31,-1.));
#2941=DIRECTION('',(-3.08007988700154E-16,1.,-2.71748715153023E-31));
#2942=DIRECTION('',(0.,0.,1.));
#2943=DIRECTION('',(7.08146293029562E-17,1.,0.));
#2944=CARTESIAN_POINT('',(0.,0.,0.));
#2945=CARTESIAN_POINT('',(0.,-0.013335,0.01397));
#2946=CARTESIAN_POINT('',(0.,-0.013335,0.00127));
#2947=CARTESIAN_POINT('',(-0.012348266817044,-0.013335,0.00127));
#2948=CARTESIAN_POINT('',(0.012348266817044,-0.013335,0.00127));
#2949=CARTESIAN_POINT('',(0.012348266817044,-0.013335,0.01397));
#2950=CARTESIAN_POINT('',(0.012348266817044,-0.013335,0.01397));
#2951=CARTESIAN_POINT('',(0.,-0.013335,0.01397));
#2952=CARTESIAN_POINT('',(-0.012348266817044,-0.013335,0.01397));
#2953=CARTESIAN_POINT('',(-0.012348266817044,-0.013335,0.01397));
#2954=CARTESIAN_POINT('',(0.02032,3.46944695195361E-18,0.01397));
#2955=CARTESIAN_POINT('',(0.02032,0.00536326681704405,0.01397));
#2956=CARTESIAN_POINT('',(0.02032,0.00536326681704405,0.00127));
#2957=CARTESIAN_POINT('',(0.02032,0.00536326681704405,0.009906));
#2958=CARTESIAN_POINT('',(0.02032,0.00345826681704405,0.009906));
#2959=CARTESIAN_POINT('',(0.02032,0.00536326681704405,0.01397));
#2960=CARTESIAN_POINT('',(0.02032,0.00536326681704405,0.01397));
#2961=CARTESIAN_POINT('',(0.02032,3.46944695195361E-18,0.01397));
#2962=CARTESIAN_POINT('',(0.02032,-0.00536326681704404,0.01397));
#2963=CARTESIAN_POINT('',(0.02032,-0.00536326681704404,0.00127));
#2964=CARTESIAN_POINT('',(0.02032,-0.00536326681704404,0.00127));
#2965=CARTESIAN_POINT('',(0.02032,3.46944695195361E-18,0.00127));
#2966=CARTESIAN_POINT('',(-3.46944695195361E-18,0.013335,0.01397));
#2967=CARTESIAN_POINT('',(-3.46944695195361E-18,0.013335,0.01397));
#2968=CARTESIAN_POINT('',(0.012348266817044,0.013335,0.01397));
#2969=CARTESIAN_POINT('',(-0.012348266817044,0.013335,0.01397));
#2970=CARTESIAN_POINT('',(0.012348266817044,0.013335,0.01397));
#2971=CARTESIAN_POINT('',(0.012348266817044,0.013335,0.00127));
#2972=CARTESIAN_POINT('',(-3.46944695195361E-18,0.013335,0.00127));
#2973=CARTESIAN_POINT('',(-0.012348266817044,0.013335,0.00127));
#2974=CARTESIAN_POINT('',(-0.012348266817044,0.013335,0.01397));
#2975=CARTESIAN_POINT('',(-0.02032,-1.7347234759768E-18,0.01397));
#2976=CARTESIAN_POINT('',(-0.02032,0.00536326681704404,0.00127));
#2977=CARTESIAN_POINT('',(-0.02032,0.00536326681704404,0.01397));
#2978=CARTESIAN_POINT('',(-0.02032,0.00536326681704404,0.009906));
#2979=CARTESIAN_POINT('',(-0.02032,0.00345826681704404,0.009906));
#2980=CARTESIAN_POINT('',(-0.02032,0.00536326681704404,0.00127));
#2981=CARTESIAN_POINT('',(-0.02032,0.00536326681704404,0.00127));
#2982=CARTESIAN_POINT('',(-0.02032,-1.7347234759768E-18,0.00127));
#2983=CARTESIAN_POINT('',(-0.02032,-0.00536326681704405,0.00127));
#2984=CARTESIAN_POINT('',(-0.02032,-0.00536326681704405,0.01397));
#2985=CARTESIAN_POINT('',(-0.02032,-0.00536326681704405,0.01397));
#2986=CARTESIAN_POINT('',(-0.02032,-1.7347234759768E-18,0.01397));
#2987=CARTESIAN_POINT('',(-3.46944695195361E-18,0.,0.01397));
#2988=CARTESIAN_POINT('',(0.012348266817044,-0.00536326681704404,0.01397));
#2989=CARTESIAN_POINT('',(0.012348266817044,0.00536326681704405,0.01397));
#2990=CARTESIAN_POINT('',(-0.012348266817044,0.00536326681704404,0.01397));
#2991=CARTESIAN_POINT('',(-0.012348266817044,-0.00536326681704405,0.01397));
#2992=CARTESIAN_POINT('',(0.,0.014859,0.00127));
#2993=CARTESIAN_POINT('',(0.,0.014859,0.00127));
#2994=CARTESIAN_POINT('',(0.017145,0.014859,0.00127));
#2995=CARTESIAN_POINT('',(-0.017145,0.014859,0.00127));
#2996=CARTESIAN_POINT('',(0.017145,0.014859,0.));
#2997=CARTESIAN_POINT('',(0.017145,0.014859,0.));
#2998=CARTESIAN_POINT('',(0.,0.014859,0.));
#2999=CARTESIAN_POINT('',(-0.017145,0.014859,0.));
#3000=CARTESIAN_POINT('',(-0.017145,0.014859,0.00127));
#3001=CARTESIAN_POINT('',(0.024765,-0.0027305,0.00127));
#3002=CARTESIAN_POINT('',(0.024765,-0.0027305,0.));
#3003=CARTESIAN_POINT('',(0.024765,0.007239,0.));
#3004=CARTESIAN_POINT('',(0.024765,-0.011938,0.));
#3005=CARTESIAN_POINT('',(0.024765,0.007239,0.00127));
#3006=CARTESIAN_POINT('',(0.024765,0.007239,0.00127));
#3007=CARTESIAN_POINT('',(0.024765,-0.0027305,0.00127));
#3008=CARTESIAN_POINT('',(0.024765,-0.011938,0.00127));
#3009=CARTESIAN_POINT('',(0.024765,-0.011938,0.));
#3010=CARTESIAN_POINT('',(0.,-0.02032,0.00127));
#3011=CARTESIAN_POINT('',(0.,-0.02032,0.));
#3012=CARTESIAN_POINT('',(-0.016383,-0.02032,0.));
#3013=CARTESIAN_POINT('',(0.016383,-0.02032,0.));
#3014=CARTESIAN_POINT('',(0.016383,-0.02032,0.00127));
#3015=CARTESIAN_POINT('',(0.016383,-0.02032,0.00127));
#3016=CARTESIAN_POINT('',(0.,-0.02032,0.00127));
#3017=CARTESIAN_POINT('',(-0.016383,-0.02032,0.00127));
#3018=CARTESIAN_POINT('',(-0.016383,-0.02032,0.00127));
#3019=CARTESIAN_POINT('',(-0.024765,-0.0027305,0.00127));
#3020=CARTESIAN_POINT('',(-0.024765,-0.0027305,0.00127));
#3021=CARTESIAN_POINT('',(-0.024765,0.007239,0.00127));
#3022=CARTESIAN_POINT('',(-0.024765,-0.011938,0.00127));
#3023=CARTESIAN_POINT('',(-0.024765,0.007239,0.00127));
#3024=CARTESIAN_POINT('',(-0.024765,0.007239,0.));
#3025=CARTESIAN_POINT('',(-0.024765,-0.0027305,0.));
#3026=CARTESIAN_POINT('',(-0.024765,-0.011938,0.));
#3027=CARTESIAN_POINT('',(-0.024765,-0.011938,0.00127));
#3028=CARTESIAN_POINT('',(0.,-0.0027305,0.00127));
#3029=CARTESIAN_POINT('',(-0.012348266817044,-0.00536326681704405,0.00127));
#3030=CARTESIAN_POINT('',(-0.012348266817044,0.00536326681704404,0.00127));
#3031=CARTESIAN_POINT('',(0.012348266817044,0.00536326681704405,0.00127));
#3032=CARTESIAN_POINT('',(0.012348266817044,-0.00536326681704404,0.00127));
#3033=CARTESIAN_POINT('',(0.017145,0.007239,0.00127));
#3034=CARTESIAN_POINT('',(-0.017145,0.007239,0.00127));
#3035=CARTESIAN_POINT('',(-0.016383,-0.011938,0.00127));
#3036=CARTESIAN_POINT('',(0.016383,-0.011938,0.00127));
#3037=CARTESIAN_POINT('',(-3.46944695195361E-18,0.,0.));
#3038=CARTESIAN_POINT('',(0.017145,0.007239,0.));
#3039=CARTESIAN_POINT('',(0.016383,-0.011938,0.));
#3040=CARTESIAN_POINT('',(-0.016383,-0.011938,0.));
#3041=CARTESIAN_POINT('',(-0.017145,0.007239,0.));
#3042=CARTESIAN_POINT('',(0.016383,-0.011938,0.00127));
#3043=CARTESIAN_POINT('',(-0.016383,-0.011938,0.00127));
#3044=CARTESIAN_POINT('',(0.017145,0.007239,0.00127));
#3045=CARTESIAN_POINT('',(-0.017145,0.007239,0.00127));
#3046=CARTESIAN_POINT('',(0.012348266817044,-0.00536326681704404,0.01397));
#3047=CARTESIAN_POINT('',(0.012348266817044,0.00536326681704405,0.01397));
#3048=CARTESIAN_POINT('',(-0.012348266817044,0.00536326681704404,0.01397));
#3049=CARTESIAN_POINT('',(-0.012348266817044,-0.00536326681704405,0.01397));
#3050=CARTESIAN_POINT('',(0.0420273390593471,0.00345826681704405,0.009906));
#3051=CARTESIAN_POINT('',(-0.0076017126125287,0.0331110382865599,-0.0380434295206892));
#3052=CARTESIAN_POINT('',(-0.00760171261252905,-0.0218114953475283,-0.038043429520689));
#3053=CARTESIAN_POINT('',(0.,0.00254,-0.03175));
#3054=CARTESIAN_POINT('',(5.20417042793043E-19,0.00254,-0.0261439487757862));
#3055=CARTESIAN_POINT('',(-0.001905,0.00254,-0.0261439487757862));
#3056=CARTESIAN_POINT('',(-0.00635,0.00254,-0.03175));
#3057=CARTESIAN_POINT('',(-0.00635,0.00254,-0.0286839487757862));
#3058=CARTESIAN_POINT('',(-0.00635,0.00254,-0.0123513639174843));
#3059=CARTESIAN_POINT('',(0.,0.00254,-0.0123513639174843));
#3060=CARTESIAN_POINT('',(0.00635,0.00254,-0.0123513639174843));
#3061=CARTESIAN_POINT('',(0.00635,0.00254,-0.03175));
#3062=CARTESIAN_POINT('',(0.00635,0.00254,-0.0286839487757862));
#3063=CARTESIAN_POINT('',(-0.00635,0.00254,-0.0286839487757862));
#3064=CARTESIAN_POINT('',(-1.7347234759768E-18,-0.00254,-0.03175));
#3065=CARTESIAN_POINT('',(7.70371977754894E-34,-0.00254,-0.0261439487757862));
#3066=CARTESIAN_POINT('',(-0.001905,-0.00254,-0.0261439487757862));
#3067=CARTESIAN_POINT('',(-0.00635,-0.00254,-0.03175));
#3068=CARTESIAN_POINT('',(-0.00635,-0.00254,-0.0286839487757862));
#3069=CARTESIAN_POINT('',(-0.00635,-0.00254,0.));
#3070=CARTESIAN_POINT('',(-1.7347234759768E-18,-0.00254,-0.0286839487757862));
#3071=CARTESIAN_POINT('',(0.00635,-0.00254,-0.0286839487757862));
#3072=CARTESIAN_POINT('',(0.00635,-0.00254,-0.03175));
#3073=CARTESIAN_POINT('',(0.00635,-0.00254,0.));
#3074=CARTESIAN_POINT('',(-1.7347234759768E-18,-0.00254,0.));
#3075=CARTESIAN_POINT('',(0.00635,-3.03576608295941E-18,-0.03175));
#3076=CARTESIAN_POINT('',(0.00635,0.000526051224213828,-0.0286839487757862));
#3077=CARTESIAN_POINT('',(0.00635,-3.36102673470506E-18,-0.0317045348478931));
#3078=CARTESIAN_POINT('',(0.00635,-0.000526051224213835,-0.0286839487757862));
#3079=CARTESIAN_POINT('',(0.00635,0.0123513639174843,-0.0123513639174843));
#3080=CARTESIAN_POINT('',(0.00635,0.0123513639174843,-0.00254));
#3081=CARTESIAN_POINT('',(0.00635,-3.03576608295941E-18,-0.00254));
#3082=CARTESIAN_POINT('',(0.00635,0.0333686360825158,-0.00254));
#3083=CARTESIAN_POINT('',(0.00635,0.0333686360825158,-0.0123513639174843));
#3084=CARTESIAN_POINT('',(0.00635,0.04318,-0.0123513639174843));
#3085=CARTESIAN_POINT('',(0.00635,0.04318,-0.031752));
#3086=CARTESIAN_POINT('',(0.00635,0.04318,-0.0286839487757862));
#3087=CARTESIAN_POINT('',(0.00635,0.0462460512242138,-0.0286839487757862));
#3088=CARTESIAN_POINT('',(0.00635,0.04572,-0.0317045348478931));
#3089=CARTESIAN_POINT('',(0.00635,0.0451939487757862,-0.0286839487757862));
#3090=CARTESIAN_POINT('',(0.00635,0.04826,-0.0286839487757862));
#3091=CARTESIAN_POINT('',(0.00635,0.04826,-0.00254));
#3092=CARTESIAN_POINT('',(0.00635,0.04826,0.));
#3093=CARTESIAN_POINT('',(0.00635,-3.03576608295941E-18,0.));
#3094=CARTESIAN_POINT('',(-0.00635,-2.16840434497101E-18,-0.03175));
#3095=CARTESIAN_POINT('',(-0.00635,-0.000526051224213833,-0.0286839487757862));
#3096=CARTESIAN_POINT('',(-0.00635,-1.84314369322536E-18,-0.0317045348478931));
#3097=CARTESIAN_POINT('',(-0.00635,0.000526051224213829,-0.0286839487757862));
#3098=CARTESIAN_POINT('',(-0.00635,-2.16840434497101E-18,0.));
#3099=CARTESIAN_POINT('',(-0.00635,0.04826,0.));
#3100=CARTESIAN_POINT('',(-0.00635,0.04826,-0.00254));
#3101=CARTESIAN_POINT('',(-0.00635,0.04826,-0.0286839487757862));
#3102=CARTESIAN_POINT('',(-0.00635,0.0451939487757862,-0.0286839487757862));
#3103=CARTESIAN_POINT('',(-0.00635,0.04572,-0.0317045348478931));
#3104=CARTESIAN_POINT('',(-0.00635,0.0462460512242138,-0.0286839487757862));
#3105=CARTESIAN_POINT('',(-0.00635,0.04318,-0.0286839487757862));
#3106=CARTESIAN_POINT('',(-0.00635,0.04318,-0.031752));
#3107=CARTESIAN_POINT('',(-0.00635,0.04318,-0.0123513639174843));
#3108=CARTESIAN_POINT('',(-0.00635,0.0333686360825158,-0.0123513639174843));
#3109=CARTESIAN_POINT('',(-0.00635,0.0333686360825158,-0.00254));
#3110=CARTESIAN_POINT('',(-0.00635,-2.16840434497101E-18,-0.00254));
#3111=CARTESIAN_POINT('',(-0.00635,0.0123513639174843,-0.00254));
#3112=CARTESIAN_POINT('',(-0.00635,0.0123513639174843,-0.0123513639174843));
#3113=CARTESIAN_POINT('',(-1.7347234759768E-18,-2.60208521396521E-18,0.));
#3114=CARTESIAN_POINT('',(-1.21430643318376E-17,0.04826,0.));
#3115=CARTESIAN_POINT('',(-1.21430643318376E-17,0.04826,-0.00254));
#3116=CARTESIAN_POINT('',(5.20417042793042E-18,0.04826,-0.0261439487757862));
#3117=CARTESIAN_POINT('',(5.20417042793042E-18,0.04826,-0.0280489487757862));
#3118=CARTESIAN_POINT('',(-1.21430643318376E-17,0.04826,-0.0286839487757862));
#3119=CARTESIAN_POINT('',(-6.93889390390723E-18,0.02286,-0.00254));
#3120=CARTESIAN_POINT('',(-8.37429372381565E-18,0.0123513639174843,-0.00254));
#3121=CARTESIAN_POINT('',(-6.93889390390723E-18,0.0333686360825158,-0.00254));
#3122=CARTESIAN_POINT('',(0.,0.04318,-0.031752));
#3123=CARTESIAN_POINT('',(4.68375338513738E-18,0.04318,-0.0261439487757862));
#3124=CARTESIAN_POINT('',(4.68375338513738E-18,0.04318,-0.0280489487757862));
#3125=CARTESIAN_POINT('',(0.,0.04318,-0.0123513639174843));
#3126=CARTESIAN_POINT('',(0.00635,0.04318,-0.0286839487757862));
#3127=CARTESIAN_POINT('',(-4.18799294267021E-19,-0.000526051224213834,-0.0286839487757862));
#3128=CARTESIAN_POINT('',(-1.21430643318376E-18,-2.60208521396521E-18,-0.0317045348478931));
#3129=CARTESIAN_POINT('',(-1.68083252667306E-18,0.000526051224213829,-0.0286839487757862));
#3130=CARTESIAN_POINT('',(-1.21430643318376E-17,0.0451939487757862,-0.0286839487757862));
#3131=CARTESIAN_POINT('',(8.67361737988404E-19,0.04572,-0.0317045348478931));
#3132=CARTESIAN_POINT('',(-1.7347234759768E-18,0.0462460512242138,-0.0286839487757862));
#3133=CARTESIAN_POINT('',(1.34015774165447E-18,0.0123513639174843,-0.0123513639174843));
#3134=CARTESIAN_POINT('',(-6.93889390390723E-18,0.0333686360825158,-0.0123513639174843));
#3135=CARTESIAN_POINT('',(6.27201109438361E-18,0.0586836220944429,-0.0261439487757862));
#3136=CARTESIAN_POINT('',(6.27201109438361E-18,0.0586836220944429,-0.0261439487757862));
#3137=CARTESIAN_POINT('',(-0.0304617126125291,0.0296527714695158,-0.00199348074490281));
#3138=CARTESIAN_POINT('',(-0.03429,-6.93889390390723E-18,0.04953));
#3139=CARTESIAN_POINT('',(-0.03429,-1.95414255347874E-17,0.006858));
#3140=CARTESIAN_POINT('',(-0.03429,-0.020955,0.006858));
#3141=CARTESIAN_POINT('',(-0.03429,0.026035,0.006858));
#3142=CARTESIAN_POINT('',(-0.03429,-0.020955,0.04953));
#3143=CARTESIAN_POINT('',(-0.03429,-0.020955,0.04191));
#3144=CARTESIAN_POINT('',(-0.03429,-9.18934598085011E-18,0.04191));
#3145=CARTESIAN_POINT('',(-0.03429,0.026035,0.04191));
#3146=CARTESIAN_POINT('',(-0.03429,0.026035,0.04953));
#3147=CARTESIAN_POINT('',(-0.03429,0.0330021690651664,0.044958));
#3148=CARTESIAN_POINT('',(-0.03429,0.03556,0.044958));
#3149=CARTESIAN_POINT('',(-0.03429,0.0298271690651664,0.044958));
#3150=CARTESIAN_POINT('',(-0.03429,0.03556,0.04953));
#3151=CARTESIAN_POINT('',(-0.03429,0.03556,0.04572));
#3152=CARTESIAN_POINT('',(-0.03429,-6.93889390390723E-18,0.04572));
#3153=CARTESIAN_POINT('',(-0.03429,0.03048,0.04572));
#3154=CARTESIAN_POINT('',(-0.03429,0.03048,0.04572));
#3155=CARTESIAN_POINT('',(-0.03429,0.03048,0.04826));
#3156=CARTESIAN_POINT('',(-0.03429,-6.93889390390723E-18,0.04826));
#3157=CARTESIAN_POINT('',(-0.03429,0.03556,0.04826));
#3158=CARTESIAN_POINT('',(-0.03429,0.03556,0.04826));
#3159=CARTESIAN_POINT('',(-0.03429,0.03556,0.04953));
#3160=CARTESIAN_POINT('',(-0.03429,-6.93889390390723E-18,0.04953));
#3161=CARTESIAN_POINT('',(-0.03429,-0.03556,0.04953));
#3162=CARTESIAN_POINT('',(-0.03429,-0.03556,0.04826));
#3163=CARTESIAN_POINT('',(-0.03429,-0.03556,0.04826));
#3164=CARTESIAN_POINT('',(-0.03429,-6.93889390390723E-18,0.04826));
#3165=CARTESIAN_POINT('',(-0.03429,-0.03048,0.04826));
#3166=CARTESIAN_POINT('',(-0.03429,-0.03048,0.04572));
#3167=CARTESIAN_POINT('',(-0.03429,-0.03048,0.04572));
#3168=CARTESIAN_POINT('',(-0.03429,-6.93889390390723E-18,0.04572));
#3169=CARTESIAN_POINT('',(-0.03429,-0.03556,0.04572));
#3170=CARTESIAN_POINT('',(-0.03429,-0.03556,0.04953));
#3171=CARTESIAN_POINT('',(-0.03429,-0.03556,0.003175));
#3172=CARTESIAN_POINT('',(-0.03429,-6.93889390390723E-18,0.003175));
#3173=CARTESIAN_POINT('',(-0.03429,0.03556,0.003175));
#3174=CARTESIAN_POINT('',(-0.03429,0.03556,0.04953));
#3175=CARTESIAN_POINT('',(-0.03429,0.03556,0.006858));
#3176=CARTESIAN_POINT('',(-0.03429,0.0330021690651664,0.006858));
#3177=CARTESIAN_POINT('',(-0.03429,0.0298271690651664,0.006858));
#3178=CARTESIAN_POINT('',(-0.03429,0.0298271690651664,0.025908));
#3179=CARTESIAN_POINT('',(0.03429,6.93889390390723E-18,0.04953));
#3180=CARTESIAN_POINT('',(0.03429,-0.03556,0.04953));
#3181=CARTESIAN_POINT('',(0.03429,-0.03556,0.04572));
#3182=CARTESIAN_POINT('',(0.03429,-0.03556,0.003175));
#3183=CARTESIAN_POINT('',(0.03429,6.93889390390723E-18,0.04572));
#3184=CARTESIAN_POINT('',(0.03429,-0.03048,0.04572));
#3185=CARTESIAN_POINT('',(0.03429,-0.03048,0.04572));
#3186=CARTESIAN_POINT('',(0.03429,-0.03048,0.04826));
#3187=CARTESIAN_POINT('',(0.03429,6.93889390390723E-18,0.04826));
#3188=CARTESIAN_POINT('',(0.03429,-0.03556,0.04826));
#3189=CARTESIAN_POINT('',(0.03429,-0.03556,0.04826));
#3190=CARTESIAN_POINT('',(0.03429,-0.03556,0.04953));
#3191=CARTESIAN_POINT('',(0.03429,6.93889390390723E-18,0.04953));
#3192=CARTESIAN_POINT('',(0.03429,0.03556,0.04953));
#3193=CARTESIAN_POINT('',(0.03429,0.03556,0.04826));
#3194=CARTESIAN_POINT('',(0.03429,0.03556,0.04826));
#3195=CARTESIAN_POINT('',(0.03429,6.93889390390723E-18,0.04826));
#3196=CARTESIAN_POINT('',(0.03429,0.03048,0.04826));
#3197=CARTESIAN_POINT('',(0.03429,0.03048,0.04572));
#3198=CARTESIAN_POINT('',(0.03429,0.03048,0.04572));
#3199=CARTESIAN_POINT('',(0.03429,6.93889390390723E-18,0.04572));
#3200=CARTESIAN_POINT('',(0.03429,0.03556,0.04572));
#3201=CARTESIAN_POINT('',(0.03429,0.03556,0.04953));
#3202=CARTESIAN_POINT('',(0.03429,0.03556,0.003175));
#3203=CARTESIAN_POINT('',(0.03429,6.93889390390723E-18,0.003175));
#3204=CARTESIAN_POINT('',(0.03429,6.93889390390723E-18,0.02667));
#3205=CARTESIAN_POINT('',(0.03429,0.007366,0.02667));
#3206=CARTESIAN_POINT('',(0.03429,0.00762,0.02667));
#3207=CARTESIAN_POINT('',(0.03429,0.007366,0.0344805));
#3208=CARTESIAN_POINT('',(0.03429,0.007366,0.042291));
#3209=CARTESIAN_POINT('',(0.03429,-0.000127000000000002,0.042291));
#3210=CARTESIAN_POINT('',(0.03429,-0.00762,0.042291));
#3211=CARTESIAN_POINT('',(0.03429,-0.00762,0.041148));
#3212=CARTESIAN_POINT('',(0.03429,-0.00762,0.040005));
#3213=CARTESIAN_POINT('',(0.03429,-0.00127,0.040005));
#3214=CARTESIAN_POINT('',(0.03429,0.00508,0.040005));
#3215=CARTESIAN_POINT('',(0.03429,0.00508,0.0344805));
#3216=CARTESIAN_POINT('',(0.03429,0.00508,0.028956));
#3217=CARTESIAN_POINT('',(0.03429,-0.00127,0.028956));
#3218=CARTESIAN_POINT('',(0.03429,-0.00762,0.028956));
#3219=CARTESIAN_POINT('',(0.03429,-0.00762,0.027813));
#3220=CARTESIAN_POINT('',(0.03429,-0.00762,0.02667));
#3221=CARTESIAN_POINT('',(0.03429,-0.00762,0.04953));
#3222=CARTESIAN_POINT('',(0.03429,-0.00762,0.01651));
#3223=CARTESIAN_POINT('',(0.03429,6.93889390390723E-18,0.01651));
#3224=CARTESIAN_POINT('',(0.03429,0.00762,0.01651));
#3225=CARTESIAN_POINT('',(0.03429,0.00762,0.04953));
#3226=CARTESIAN_POINT('',(0.,0.,0.04953));
#3227=CARTESIAN_POINT('',(0.037465,6.93889390390723E-18,0.04953));
#3228=CARTESIAN_POINT('',(0.037465,-0.032893,0.04953));
#3229=CARTESIAN_POINT('',(0.037465,0.032893,0.04953));
#3230=CARTESIAN_POINT('',(0.031623,0.032893,0.04953));
#3231=CARTESIAN_POINT('',(0.031623,0.038735,0.04953));
#3232=CARTESIAN_POINT('',(0.,0.038735,0.04953));
#3233=CARTESIAN_POINT('',(-0.034163,0.038735,0.04953));
#3234=CARTESIAN_POINT('',(-0.034163,0.032893,0.04953));
#3235=CARTESIAN_POINT('',(-0.040005,0.032893,0.04953));
#3236=CARTESIAN_POINT('',(-0.040005,-6.93889390390723E-18,0.04953));
#3237=CARTESIAN_POINT('',(-0.040005,-0.032893,0.04953));
#3238=CARTESIAN_POINT('',(-0.034163,-0.032893,0.04953));
#3239=CARTESIAN_POINT('',(-0.034163,-0.038735,0.04953));
#3240=CARTESIAN_POINT('',(0.,-0.038735,0.04953));
#3241=CARTESIAN_POINT('',(0.031623,-0.038735,0.04953));
#3242=CARTESIAN_POINT('',(0.031623,-0.032893,0.04953));
#3243=CARTESIAN_POINT('',(0.,-0.03556,0.04953));
#3244=CARTESIAN_POINT('',(0.,0.03556,0.04953));
#3245=CARTESIAN_POINT('',(0.,0.03556,0.04953));
#3246=CARTESIAN_POINT('',(0.,0.03556,0.04572));
#3247=CARTESIAN_POINT('',(0.02921,0.03556,0.04572));
#3248=CARTESIAN_POINT('',(0.02921,0.03556,0.04572));
#3249=CARTESIAN_POINT('',(0.02921,0.03556,0.04826));
#3250=CARTESIAN_POINT('',(0.,0.03556,0.04826));
#3251=CARTESIAN_POINT('',(0.,0.03556,0.04826));
#3252=CARTESIAN_POINT('',(-0.02921,0.03556,0.04826));
#3253=CARTESIAN_POINT('',(-0.02921,0.03556,0.04572));
#3254=CARTESIAN_POINT('',(-0.02921,0.03556,0.04572));
#3255=CARTESIAN_POINT('',(0.,0.03556,0.04572));
#3256=CARTESIAN_POINT('',(-0.03429,0.03556,0.04953));
#3257=CARTESIAN_POINT('',(0.,0.03556,0.003175));
#3258=CARTESIAN_POINT('',(0.,-0.03556,0.04953));
#3259=CARTESIAN_POINT('',(0.,-0.03556,0.04572));
#3260=CARTESIAN_POINT('',(-0.02921,-0.03556,0.04572));
#3261=CARTESIAN_POINT('',(-0.02921,-0.03556,0.04572));
#3262=CARTESIAN_POINT('',(-0.02921,-0.03556,0.04826));
#3263=CARTESIAN_POINT('',(0.,-0.03556,0.04826));
#3264=CARTESIAN_POINT('',(0.,-0.03556,0.04826));
#3265=CARTESIAN_POINT('',(0.02921,-0.03556,0.04826));
#3266=CARTESIAN_POINT('',(0.02921,-0.03556,0.04572));
#3267=CARTESIAN_POINT('',(0.02921,-0.03556,0.04572));
#3268=CARTESIAN_POINT('',(0.,-0.03556,0.04572));
#3269=CARTESIAN_POINT('',(0.,-0.03556,0.003175));
#3270=CARTESIAN_POINT('',(0.037465,6.93889390390723E-18,0.04953));
#3271=CARTESIAN_POINT('',(0.037465,6.93889390390723E-18,0.008382));
#3272=CARTESIAN_POINT('',(0.037465,-0.032893,0.008382));
#3273=CARTESIAN_POINT('',(0.037465,0.032893,0.008382));
#3274=CARTESIAN_POINT('',(0.037465,0.032893,0.04953));
#3275=CARTESIAN_POINT('',(0.037465,-0.032893,0.008382));
#3276=CARTESIAN_POINT('',(0.037465,0.00762,0.02159));
#3277=CARTESIAN_POINT('',(0.037465,0.00762,0.02667));
#3278=CARTESIAN_POINT('',(0.037465,0.00762,0.01651));
#3279=CARTESIAN_POINT('',(0.037465,5.20417042793042E-18,0.01651));
#3280=CARTESIAN_POINT('',(0.037465,-0.00762,0.01651));
#3281=CARTESIAN_POINT('',(0.037465,-0.00762,0.02159));
#3282=CARTESIAN_POINT('',(0.037465,-0.00762,0.02667));
#3283=CARTESIAN_POINT('',(0.037465,5.20417042793042E-18,0.02667));
#3284=CARTESIAN_POINT('',(0.,-0.038735,0.04953));
#3285=CARTESIAN_POINT('',(0.037465,-0.038735,0.008382));
#3286=CARTESIAN_POINT('',(-0.034163,-0.038735,0.008382));
#3287=CARTESIAN_POINT('',(0.031623,-0.038735,0.008382));
#3288=CARTESIAN_POINT('',(0.031623,-0.038735,0.04953));
#3289=CARTESIAN_POINT('',(-0.034163,-0.038735,0.04953));
#3290=CARTESIAN_POINT('',(0.,0.038735,0.04953));
#3291=CARTESIAN_POINT('',(0.031623,0.038735,0.04953));
#3292=CARTESIAN_POINT('',(0.031623,0.038735,0.008382));
#3293=CARTESIAN_POINT('',(0.,0.038735,0.008382));
#3294=CARTESIAN_POINT('',(-0.034163,0.038735,0.008382));
#3295=CARTESIAN_POINT('',(-0.034163,0.038735,0.04953));
#3296=CARTESIAN_POINT('',(0.,0.,0.));
#3297=CARTESIAN_POINT('',(-0.040005,-0.030353,0.));
#3298=CARTESIAN_POINT('',(0.029083,-0.030353,0.));
#3299=CARTESIAN_POINT('',(-0.031623,-0.030353,0.));
#3300=CARTESIAN_POINT('',(-0.031623,0.038735,0.));
#3301=CARTESIAN_POINT('',(-0.031623,0.030353,0.));
#3302=CARTESIAN_POINT('',(-5.62168014587738E-18,0.030353,0.));
#3303=CARTESIAN_POINT('',(0.029083,0.030353,0.));
#3304=CARTESIAN_POINT('',(0.029083,0.,0.));
#3305=CARTESIAN_POINT('',(0.,0.,0.003175));
#3306=CARTESIAN_POINT('',(-0.012065,0.00254,0.006858));
#3307=CARTESIAN_POINT('',(-0.037465,0.00254,0.006858));
#3308=CARTESIAN_POINT('',(-0.037465,-0.020955,0.006858));
#3309=CARTESIAN_POINT('',(-0.037465,0.026035,0.006858));
#3310=CARTESIAN_POINT('',(-0.012065,-0.020955,0.006858));
#3311=CARTESIAN_POINT('',(-0.012065,0.026035,0.006858));
#3312=CARTESIAN_POINT('',(-0.012065,-0.020955,0.024384));
#3313=CARTESIAN_POINT('',(-0.037465,-0.020955,0.024384));
#3314=CARTESIAN_POINT('',(-0.037465,-0.020955,0.04191));
#3315=CARTESIAN_POINT('',(-0.012065,-0.020955,0.04191));
#3316=CARTESIAN_POINT('',(-0.012065,0.00254,0.04191));
#3317=CARTESIAN_POINT('',(-0.037465,0.00254,0.04191));
#3318=CARTESIAN_POINT('',(-0.037465,0.026035,0.04191));
#3319=CARTESIAN_POINT('',(-0.012065,0.026035,0.04191));
#3320=CARTESIAN_POINT('',(-0.012065,0.026035,0.024384));
#3321=CARTESIAN_POINT('',(-0.037465,0.026035,0.024384));
#3322=CARTESIAN_POINT('',(0.012065,0.00762,0.02159));
#3323=CARTESIAN_POINT('',(0.012065,0.00762,0.01651));
#3324=CARTESIAN_POINT('',(0.012065,0.00762,0.02667));
#3325=CARTESIAN_POINT('',(0.012065,5.20417042793042E-18,0.02667));
#3326=CARTESIAN_POINT('',(0.012065,-0.00762,0.02667));
#3327=CARTESIAN_POINT('',(0.03175,-0.00762,0.02667));
#3328=CARTESIAN_POINT('',(0.03175,-0.00762,0.02667));
#3329=CARTESIAN_POINT('',(0.03175,6.93889390390723E-18,0.02667));
#3330=CARTESIAN_POINT('',(0.03175,0.007366,0.02667));
#3331=CARTESIAN_POINT('',(0.03175,0.007366,0.02667));
#3332=CARTESIAN_POINT('',(0.012065,-0.00762,0.02159));
#3333=CARTESIAN_POINT('',(0.012065,-0.00762,0.01651));
#3334=CARTESIAN_POINT('',(0.012065,5.20417042793042E-18,0.01651));
#3335=CARTESIAN_POINT('',(0.03175,-0.03302,0.04572));
#3336=CARTESIAN_POINT('',(0.03175,-0.03302,0.04826));
#3337=CARTESIAN_POINT('',(0.03175,-0.03302,0.04572));
#3338=CARTESIAN_POINT('',(0.,0.,0.04572));
#3339=CARTESIAN_POINT('',(-0.03175,-0.03302,0.04572));
#3340=CARTESIAN_POINT('',(-0.03175,-0.03302,0.04826));
#3341=CARTESIAN_POINT('',(-0.03175,-0.03302,0.04572));
#3342=CARTESIAN_POINT('',(0.,0.,0.04572));
#3343=CARTESIAN_POINT('',(-0.03175,0.03302,0.04572));
#3344=CARTESIAN_POINT('',(-0.03175,0.03302,0.04826));
#3345=CARTESIAN_POINT('',(-0.03175,0.03302,0.04572));
#3346=CARTESIAN_POINT('',(0.,0.,0.04572));
#3347=CARTESIAN_POINT('',(0.03175,0.03302,0.04572));
#3348=CARTESIAN_POINT('',(0.03175,0.03302,0.04826));
#3349=CARTESIAN_POINT('',(0.03175,0.03302,0.04572));
#3350=CARTESIAN_POINT('',(0.,0.,0.04572));
#3351=CARTESIAN_POINT('',(0.,0.,0.04826));
#3352=CARTESIAN_POINT('',(0.,0.,0.04826));
#3353=CARTESIAN_POINT('',(0.,0.,0.04826));
#3354=CARTESIAN_POINT('',(0.,0.,0.04826));
#3355=CARTESIAN_POINT('',(0.03175,-0.00762,0.027813));
#3356=CARTESIAN_POINT('',(0.03175,-0.00762,0.028956));
#3357=CARTESIAN_POINT('',(0.03175,-0.00762,0.028956));
#3358=CARTESIAN_POINT('',(0.03175,-0.00762,0.027813));
#3359=CARTESIAN_POINT('',(0.03175,-0.00127,0.028956));
#3360=CARTESIAN_POINT('',(0.03175,0.00508,0.028956));
#3361=CARTESIAN_POINT('',(0.03175,0.00508,0.028956));
#3362=CARTESIAN_POINT('',(0.03175,-0.00127,0.028956));
#3363=CARTESIAN_POINT('',(0.03175,0.00508,0.0344805));
#3364=CARTESIAN_POINT('',(0.03175,0.00508,0.040005));
#3365=CARTESIAN_POINT('',(0.03175,0.00508,0.040005));
#3366=CARTESIAN_POINT('',(0.03175,0.00508,0.0344805));
#3367=CARTESIAN_POINT('',(0.03175,-0.00127,0.040005));
#3368=CARTESIAN_POINT('',(0.03175,-0.00762,0.040005));
#3369=CARTESIAN_POINT('',(0.03175,-0.00762,0.040005));
#3370=CARTESIAN_POINT('',(0.03175,-0.00127,0.040005));
#3371=CARTESIAN_POINT('',(0.03175,-0.00762,0.041148));
#3372=CARTESIAN_POINT('',(0.03175,-0.00762,0.042291));
#3373=CARTESIAN_POINT('',(0.03175,-0.00762,0.042291));
#3374=CARTESIAN_POINT('',(0.03175,-0.00762,0.041148));
#3375=CARTESIAN_POINT('',(0.03175,-0.000127000000000002,0.042291));
#3376=CARTESIAN_POINT('',(0.03175,0.007366,0.042291));
#3377=CARTESIAN_POINT('',(0.03175,0.007366,0.042291));
#3378=CARTESIAN_POINT('',(0.03175,-0.000127000000000002,0.042291));
#3379=CARTESIAN_POINT('',(0.03175,0.007366,0.0344805));
#3380=CARTESIAN_POINT('',(0.03175,0.007366,0.0344805));
#3381=CARTESIAN_POINT('',(0.03175,0.,0.0263525));
#3382=CARTESIAN_POINT('',(-0.040005,-6.93889390390723E-18,0.04953));
#3383=CARTESIAN_POINT('',(-0.040005,-0.038735,0.008382));
#3384=CARTESIAN_POINT('',(-0.040005,0.032893,0.008382));
#3385=CARTESIAN_POINT('',(-0.040005,-0.032893,0.008382));
#3386=CARTESIAN_POINT('',(-0.040005,-0.032893,0.04953));
#3387=CARTESIAN_POINT('',(-0.040005,0.032893,0.008382));
#3388=CARTESIAN_POINT('',(-0.040005,0.0184912,0.0245745));
#3389=CARTESIAN_POINT('',(-0.040005,0.0184912,0.04064));
#3390=CARTESIAN_POINT('',(-0.040005,0.0184912,0.008509));
#3391=CARTESIAN_POINT('',(-0.040005,-0.000596900000000011,0.04064));
#3392=CARTESIAN_POINT('',(-0.040005,-0.019685,0.04064));
#3393=CARTESIAN_POINT('',(-0.040005,-0.019685,0.0245745));
#3394=CARTESIAN_POINT('',(-0.040005,-0.019685,0.008509));
#3395=CARTESIAN_POINT('',(-0.040005,-0.000596900000000011,0.008509));
#3396=CARTESIAN_POINT('',(-0.037465,0.0184912,0.0245745));
#3397=CARTESIAN_POINT('',(-0.037465,0.0184912,0.008509));
#3398=CARTESIAN_POINT('',(-0.037465,0.0184912,0.008509));
#3399=CARTESIAN_POINT('',(-0.037465,0.0184912,0.0245745));
#3400=CARTESIAN_POINT('',(-0.037465,0.0184912,0.04064));
#3401=CARTESIAN_POINT('',(-0.037465,0.0184912,0.04064));
#3402=CARTESIAN_POINT('',(-0.037465,-0.000596900000000011,0.04064));
#3403=CARTESIAN_POINT('',(-0.037465,-0.000596900000000011,0.04064));
#3404=CARTESIAN_POINT('',(-0.037465,-0.019685,0.04064));
#3405=CARTESIAN_POINT('',(-0.037465,-0.019685,0.04064));
#3406=CARTESIAN_POINT('',(-0.037465,-0.019685,0.0245745));
#3407=CARTESIAN_POINT('',(-0.037465,-0.019685,0.0245745));
#3408=CARTESIAN_POINT('',(-0.037465,-0.019685,0.008509));
#3409=CARTESIAN_POINT('',(-0.037465,-0.019685,0.008509));
#3410=CARTESIAN_POINT('',(-0.037465,-0.000596900000000011,0.008509));
#3411=CARTESIAN_POINT('',(-0.037465,-0.000596900000000011,0.008509));
#3412=CARTESIAN_POINT('',(-0.037465,-6.93889390390723E-18,0.024765));
#3413=CARTESIAN_POINT('',(-0.03429,0.000308584532583207,0.0263525));
#3414=CARTESIAN_POINT('',(-0.03429,0.0330021690651664,0.044958));
#3415=CARTESIAN_POINT('',(-0.03429,0.0361771690651665,0.044958));
#3416=CARTESIAN_POINT('',(-0.03429,0.0361771690651665,0.025908));
#3417=CARTESIAN_POINT('',(-0.03429,0.0361771690651665,0.006858));
#3418=CARTESIAN_POINT('',(-0.03429,0.0330021690651664,0.006858));
#3419=CARTESIAN_POINT('',(-0.035814,0.0361771690651665,0.025908));
#3420=CARTESIAN_POINT('',(-0.035814,0.0361771690651665,0.044958));
#3421=CARTESIAN_POINT('',(-0.035814,0.0361771690651665,0.044958));
#3422=CARTESIAN_POINT('',(-0.035814,0.0361771690651665,0.025908));
#3423=CARTESIAN_POINT('',(-0.035814,0.0361771690651665,0.006858));
#3424=CARTESIAN_POINT('',(-0.035814,0.0361771690651665,0.006858));
#3425=CARTESIAN_POINT('',(-0.035814,0.0330021690651664,0.044958));
#3426=CARTESIAN_POINT('',(-0.035814,0.0298271690651664,0.044958));
#3427=CARTESIAN_POINT('',(-0.035814,0.0298271690651664,0.044958));
#3428=CARTESIAN_POINT('',(-0.035814,0.0330021690651664,0.044958));
#3429=CARTESIAN_POINT('',(-0.035814,0.0298271690651664,0.025908));
#3430=CARTESIAN_POINT('',(-0.035814,0.0298271690651664,0.006858));
#3431=CARTESIAN_POINT('',(-0.035814,0.0298271690651664,0.006858));
#3432=CARTESIAN_POINT('',(-0.035814,0.0298271690651664,0.025908));
#3433=CARTESIAN_POINT('',(-0.035814,0.0330021690651664,0.006858));
#3434=CARTESIAN_POINT('',(-0.035814,0.0330021690651664,0.006858));
#3435=CARTESIAN_POINT('',(-0.035814,0.000308584532583207,0.0263525));
#3436=CARTESIAN_POINT('',(2.81084007293869E-18,-0.030353,0.008382));
#3437=CARTESIAN_POINT('',(0.029083,-0.030353,0.008382));
#3438=CARTESIAN_POINT('',(-0.031623,-0.030353,0.008382));
#3439=CARTESIAN_POINT('',(0.029083,6.93889390390723E-18,0.008382));
#3440=CARTESIAN_POINT('',(0.029083,0.030353,0.008382));
#3441=CARTESIAN_POINT('',(0.029083,-0.030353,0.008382));
#3442=CARTESIAN_POINT('',(-0.031623,0.,0.008382));
#3443=CARTESIAN_POINT('',(-0.031623,-0.030353,0.008382));
#3444=CARTESIAN_POINT('',(-0.031623,0.030353,0.008382));
#3445=CARTESIAN_POINT('',(1.55243050053517E-18,0.030353,0.008382));
#3446=CARTESIAN_POINT('',(0.029083,0.030353,0.008382));
#3447=CARTESIAN_POINT('',(-0.031623,0.030353,0.008382));
#3448=CARTESIAN_POINT('',(0.031623,0.032893,0.04953));
#3449=CARTESIAN_POINT('',(0.031623,0.032893,0.008382));
#3450=CARTESIAN_POINT('',(0.037465,0.032893,0.008382));
#3451=CARTESIAN_POINT('',(0.037465,0.038735,0.008382));
#3452=CARTESIAN_POINT('',(0.031623,0.038735,0.008382));
#3453=CARTESIAN_POINT('',(0.037465,0.032892999999996,0.00783339935452186));
#3454=CARTESIAN_POINT('',(0.0374649999998518,0.0387349999998531,0.00745104123612918));
#3455=CARTESIAN_POINT('',(0.031622999999996,0.038735,0.00783339935452186));
#3456=CARTESIAN_POINT('',(0.0373569314077832,0.0328602519417544,0.00673621957338459));
#3457=CARTESIAN_POINT('',(0.0372044628868344,0.0384744628868338,0.0056271206954681));
#3458=CARTESIAN_POINT('',(0.0315902519417544,0.0386269314077832,0.00673621957338458));
#3459=CARTESIAN_POINT('',(0.0368768933947981,0.0327147858772111,0.00515364998653609));
#3460=CARTESIAN_POINT('',(0.0362046458461042,0.0374746458461043,0.00342701742644316));
#3461=CARTESIAN_POINT('',(0.031444785877211,0.0381468933947981,0.00515364998653608));
#3462=CARTESIAN_POINT('',(0.0360972444620819,0.0324785286248735,0.00369526529996601));
#3463=CARTESIAN_POINT('',(0.0349407751992319,0.0362107751992318,0.00194220126245241));
#3464=CARTESIAN_POINT('',(0.0312085286248735,0.0373672444620819,0.003695265299966));
#3465=CARTESIAN_POINT('',(0.0346987831776977,0.0320547524780902,0.00199031243944874));
#3466=CARTESIAN_POINT('',(0.0332573501359991,0.0345273501359991,0.000756070091973677));
#3467=CARTESIAN_POINT('',(0.0307847524780902,0.0359687831776979,0.00199031243944873));
#3468=CARTESIAN_POINT('',(0.0323742646888955,0.0313503529360288,0.000436325946546636));
#3469=CARTESIAN_POINT('',(0.0312835281550333,0.0325535281550336,0.000130062513602389));
#3470=CARTESIAN_POINT('',(0.0300803529360288,0.0336442646888939,0.000436325946546631));
#3471=CARTESIAN_POINT('',(0.0301802012626085,0.0306854852310938,-4.9681404859054E-18));
#3472=CARTESIAN_POINT('',(0.0297978432152179,0.0310678432152175,2.13139216913272E-7));
#3473=CARTESIAN_POINT('',(0.0294154852310938,0.0314502012626118,-7.29492570133925E-18));
#3474=CARTESIAN_POINT('',(0.029083,0.030353,-3.46944695195361E-18));
#3475=CARTESIAN_POINT('',(0.029083,0.030353,-3.46944695195361E-18));
#3476=CARTESIAN_POINT('',(0.029083,0.030353,-3.46944695195361E-18));
#3477=CARTESIAN_POINT('',(0.031623,-0.032893,0.04953));
#3478=CARTESIAN_POINT('',(0.031623,-0.032893,0.008382));
#3479=CARTESIAN_POINT('',(0.031623,-0.038735,0.008382));
#3480=CARTESIAN_POINT('',(0.037465,-0.038735,0.008382));
#3481=CARTESIAN_POINT('',(0.037465,-0.032893,0.008382));
#3482=CARTESIAN_POINT('',(0.031622999999996,-0.038735,0.00783339935452186));
#3483=CARTESIAN_POINT('',(0.0374649999998518,-0.0387349999998531,0.00745104123612918));
#3484=CARTESIAN_POINT('',(0.037465,-0.032892999999996,0.00783339935452186));
#3485=CARTESIAN_POINT('',(0.0315902519417544,-0.0386269314077832,0.00673621957338459));
#3486=CARTESIAN_POINT('',(0.0372044628868344,-0.0384744628868338,0.0056271206954681));
#3487=CARTESIAN_POINT('',(0.0373569314077832,-0.0328602519417544,0.00673621957338459));
#3488=CARTESIAN_POINT('',(0.031444785877211,-0.0381468933947981,0.00515364998653609));
#3489=CARTESIAN_POINT('',(0.0362046458461042,-0.0374746458461043,0.00342701742644316));
#3490=CARTESIAN_POINT('',(0.0368768933947981,-0.0327147858772111,0.00515364998653609));
#3491=CARTESIAN_POINT('',(0.0312085286248735,-0.0373672444620819,0.00369526529996601));
#3492=CARTESIAN_POINT('',(0.0349407751992318,-0.0362107751992318,0.00194220126245242));
#3493=CARTESIAN_POINT('',(0.0360972444620819,-0.0324785286248735,0.00369526529996601));
#3494=CARTESIAN_POINT('',(0.0307847524780902,-0.0359687831776979,0.00199031243944874));
#3495=CARTESIAN_POINT('',(0.0332573501359992,-0.0345273501359991,0.000756070091973673));
#3496=CARTESIAN_POINT('',(0.0346987831776977,-0.0320547524780902,0.00199031243944874));
#3497=CARTESIAN_POINT('',(0.0300803529360288,-0.0336442646888943,0.000436325946546638));
#3498=CARTESIAN_POINT('',(0.0312835281550334,-0.0325535281550336,0.000130062513602397));
#3499=CARTESIAN_POINT('',(0.0323742646888955,-0.0313503529360288,0.000436325946546636));
#3500=CARTESIAN_POINT('',(0.0294154852310938,-0.031450201262611,-3.80474787819467E-18));
#3501=CARTESIAN_POINT('',(0.0297978432152179,-0.0310678432152175,2.13139216913272E-7));
#3502=CARTESIAN_POINT('',(0.0301802012626085,-0.0306854852310938,-4.9681404859054E-18));
#3503=CARTESIAN_POINT('',(0.029083,-0.030353,-3.46944695195361E-18));
#3504=CARTESIAN_POINT('',(0.029083,-0.030353,-3.46944695195361E-18));
#3505=CARTESIAN_POINT('',(0.029083,-0.030353,-3.46944695195361E-18));
#3506=CARTESIAN_POINT('',(-0.034163,-0.032893,0.04953));
#3507=CARTESIAN_POINT('',(-0.034163,-0.032893,0.008382));
#3508=CARTESIAN_POINT('',(-0.040005,-0.032893,0.008382));
#3509=CARTESIAN_POINT('',(-0.040005,-0.038735,0.008382));
#3510=CARTESIAN_POINT('',(-0.034163,-0.038735,0.008382));
#3511=CARTESIAN_POINT('',(-0.040005,-0.032892999999996,0.00783339935452297));
#3512=CARTESIAN_POINT('',(-0.0400049999998544,-0.0387349999998531,0.00745104123613119));
#3513=CARTESIAN_POINT('',(-0.0341629999999977,-0.038735,0.00783339935452297));
#3514=CARTESIAN_POINT('',(-0.0398969314077832,-0.0328602519417544,0.00673621957338406));
#3515=CARTESIAN_POINT('',(-0.0397444628868332,-0.0384744628868338,0.00562712069546717));
#3516=CARTESIAN_POINT('',(-0.0341302519417535,-0.0386269314077832,0.00673621957338406));
#3517=CARTESIAN_POINT('',(-0.0394168933947981,-0.0327147858772111,0.00515364998653624));
#3518=CARTESIAN_POINT('',(-0.0387446458461045,-0.0374746458461043,0.00342701742644341));
#3519=CARTESIAN_POINT('',(-0.0339847858772113,-0.0381468933947981,0.00515364998653623));
#3520=CARTESIAN_POINT('',(-0.0386372444620819,-0.0324785286248734,0.00369526529996595));
#3521=CARTESIAN_POINT('',(-0.0374807751992318,-0.0362107751992318,0.00194220126245234));
#3522=CARTESIAN_POINT('',(-0.0337485286248734,-0.0373672444620819,0.00369526529996595));
#3523=CARTESIAN_POINT('',(-0.0372387831776976,-0.0320547524780902,0.0019903124394488));
#3524=CARTESIAN_POINT('',(-0.0357973501359991,-0.0345273501359992,0.000756070091973731));
#3525=CARTESIAN_POINT('',(-0.0333247524780902,-0.0359687831776978,0.0019903124394488));
#3526=CARTESIAN_POINT('',(-0.0349142646888966,-0.0313503529360288,0.000436325946546607));
#3527=CARTESIAN_POINT('',(-0.0338235281550346,-0.0325535281550335,0.000130062513602373));
#3528=CARTESIAN_POINT('',(-0.0326203529360292,-0.0336442646888955,0.00043632594654661));
#3529=CARTESIAN_POINT('',(-0.0327202012626061,-0.0306854852310938,-6.46683401984976E-18));
#3530=CARTESIAN_POINT('',(-0.0323378432152154,-0.0310678432152175,2.13139216913272E-7));
#3531=CARTESIAN_POINT('',(-0.031955485231093,-0.0314502012626085,-6.23313943490125E-18));
#3532=CARTESIAN_POINT('',(-0.031623,-0.030353,-3.46944695195361E-18));
#3533=CARTESIAN_POINT('',(-0.031623,-0.030353,-3.46944695195361E-18));
#3534=CARTESIAN_POINT('',(-0.031623,-0.030353,-3.46944695195361E-18));
#3535=CARTESIAN_POINT('',(-0.034163,0.032893,0.04953));
#3536=CARTESIAN_POINT('',(-0.034163,0.032893,0.008382));
#3537=CARTESIAN_POINT('',(-0.034163,0.038735,0.008382));
#3538=CARTESIAN_POINT('',(-0.040005,0.038735,0.008382));
#3539=CARTESIAN_POINT('',(-0.040005,0.032893,0.008382));
#3540=CARTESIAN_POINT('',(-0.0341629999999977,0.038735,0.00783339935452297));
#3541=CARTESIAN_POINT('',(-0.0400049999998544,0.0387349999998531,0.00745104123613119));
#3542=CARTESIAN_POINT('',(-0.040005,0.032892999999996,0.00783339935452297));
#3543=CARTESIAN_POINT('',(-0.0341302519417535,0.0386269314077832,0.00673621957338407));
#3544=CARTESIAN_POINT('',(-0.0397444628868332,0.0384744628868338,0.00562712069546717));
#3545=CARTESIAN_POINT('',(-0.0398969314077832,0.0328602519417544,0.00673621957338406));
#3546=CARTESIAN_POINT('',(-0.0339847858772113,0.0381468933947982,0.00515364998653624));
#3547=CARTESIAN_POINT('',(-0.0387446458461045,0.0374746458461043,0.00342701742644341));
#3548=CARTESIAN_POINT('',(-0.0394168933947981,0.0327147858772111,0.00515364998653624));
#3549=CARTESIAN_POINT('',(-0.0337485286248734,0.0373672444620819,0.00369526529996596));
#3550=CARTESIAN_POINT('',(-0.0374807751992318,0.0362107751992318,0.00194220126245235));
#3551=CARTESIAN_POINT('',(-0.0386372444620819,0.0324785286248734,0.00369526529996595));
#3552=CARTESIAN_POINT('',(-0.0333247524780902,0.0359687831776978,0.00199031243944881));
#3553=CARTESIAN_POINT('',(-0.0357973501359991,0.0345273501359992,0.00075607009197373));
#3554=CARTESIAN_POINT('',(-0.0372387831776976,0.0320547524780902,0.0019903124394488));
#3555=CARTESIAN_POINT('',(-0.0326203529360292,0.0336442646888955,0.000436325946546617));
#3556=CARTESIAN_POINT('',(-0.0338235281550346,0.0325535281550336,0.000130062513602371));
#3557=CARTESIAN_POINT('',(-0.0349142646888966,0.0313503529360288,0.000436325946546607));
#3558=CARTESIAN_POINT('',(-0.031955485231093,0.0314502012626085,-2.43814258791205E-18));
#3559=CARTESIAN_POINT('',(-0.0323378432152154,0.0310678432152175,2.13139216913272E-7));
#3560=CARTESIAN_POINT('',(-0.0327202012626061,0.0306854852310938,-6.46683401984976E-18));
#3561=CARTESIAN_POINT('',(-0.031623,0.030353,-3.46944695195361E-18));
#3562=CARTESIAN_POINT('',(-0.031623,0.030353,-3.46944695195361E-18));
#3563=CARTESIAN_POINT('',(-0.031623,0.030353,-3.46944695195361E-18));
#3564=CARTESIAN_POINT('',(-0.00633171261252909,0.00564977146951577,-0.00199348074490281));
#3565=CARTESIAN_POINT('',(0.,1.13537004748951E-19,0.0508));
#3566=CARTESIAN_POINT('',(0.,1.13537004748951E-19,0.0508));
#3567=CARTESIAN_POINT('',(0.0018542,1.13537004748951E-19,0.0508));
#3568=CARTESIAN_POINT('',(0.,1.13537004748951E-19,0.));
#3569=CARTESIAN_POINT('',(0.0018542,1.13537004748951E-19,0.));
#3570=CARTESIAN_POINT('',(0.,0.,0.0508));
#3571=CARTESIAN_POINT('',(0.,0.,0.));
#3572=CARTESIAN_POINT('',(-0.033001712612529,-0.0183532285304843,-0.028137429520689));
#3573=CARTESIAN_POINT('',(-0.0330017126125291,0.0296527714695158,-0.028137429520689));
#3574=CARTESIAN_POINT('',(0.,-6.93889390390723E-18,0.00127));
#3575=CARTESIAN_POINT('',(0.,-0.03429,0.00127));
#3576=CARTESIAN_POINT('',(0.03556,-0.03429,0.00127));
#3577=CARTESIAN_POINT('',(-0.03556,-0.03429,0.00127));
#3578=CARTESIAN_POINT('',(0.03556,6.93889390390723E-18,0.00127));
#3579=CARTESIAN_POINT('',(0.03556,0.03429,0.00127));
#3580=CARTESIAN_POINT('',(0.,0.03429,0.00127));
#3581=CARTESIAN_POINT('',(-0.03556,0.03429,0.00127));
#3582=CARTESIAN_POINT('',(-0.03556,-6.93889390390723E-18,0.00127));
#3583=CARTESIAN_POINT('',(0.,-0.0088265,0.00127));
#3584=CARTESIAN_POINT('',(0.0067945,-0.0088265,0.00127));
#3585=CARTESIAN_POINT('',(-0.0067945,-0.0088265,0.00127));
#3586=CARTESIAN_POINT('',(-0.0067945,-0.000635,0.00127));
#3587=CARTESIAN_POINT('',(-0.0067945,0.0075565,0.00127));
#3588=CARTESIAN_POINT('',(-0.0061595,0.0075565,0.00127));
#3589=CARTESIAN_POINT('',(-0.0055245,0.0075565,0.00127));
#3590=CARTESIAN_POINT('',(-0.0055245,-8.67361737988404E-19,0.00127));
#3591=CARTESIAN_POINT('',(-0.0055245,-0.0075565,0.00127));
#3592=CARTESIAN_POINT('',(0.,-0.0075565,0.00127));
#3593=CARTESIAN_POINT('',(0.0055245,-0.0075565,0.00127));
#3594=CARTESIAN_POINT('',(0.0055245,-8.67361737988404E-19,0.00127));
#3595=CARTESIAN_POINT('',(0.0055245,0.0075565,0.00127));
#3596=CARTESIAN_POINT('',(0.0061595,0.0075565,0.00127));
#3597=CARTESIAN_POINT('',(0.0067945,0.0075565,0.00127));
#3598=CARTESIAN_POINT('',(0.0067945,-0.000635,0.00127));
#3599=CARTESIAN_POINT('',(0.,-0.03429,0.00127));
#3600=CARTESIAN_POINT('',(0.,-0.03429,0.));
#3601=CARTESIAN_POINT('',(0.03556,-0.03429,0.));
#3602=CARTESIAN_POINT('',(-0.03556,-0.03429,0.));
#3603=CARTESIAN_POINT('',(0.03556,-0.03429,0.00127));
#3604=CARTESIAN_POINT('',(-0.03556,-0.03429,0.00127));
#3605=CARTESIAN_POINT('',(0.03556,6.93889390390723E-18,0.00127));
#3606=CARTESIAN_POINT('',(0.03556,6.93889390390723E-18,0.));
#3607=CARTESIAN_POINT('',(0.03556,0.03429,0.));
#3608=CARTESIAN_POINT('',(0.03556,0.03429,0.00127));
#3609=CARTESIAN_POINT('',(0.,0.03429,0.00127));
#3610=CARTESIAN_POINT('',(0.,0.03429,0.));
#3611=CARTESIAN_POINT('',(-0.03556,0.03429,0.));
#3612=CARTESIAN_POINT('',(-0.03556,0.03429,0.00127));
#3613=CARTESIAN_POINT('',(-0.03556,-6.93889390390723E-18,0.00127));
#3614=CARTESIAN_POINT('',(-0.03556,-6.93889390390723E-18,0.));
#3615=CARTESIAN_POINT('',(0.,-6.93889390390723E-18,0.));
#3616=CARTESIAN_POINT('',(-0.0067945,-0.000635,0.00508));
#3617=CARTESIAN_POINT('',(-0.0067945,-0.0088265,0.00508));
#3618=CARTESIAN_POINT('',(-0.0067945,-0.0088265,0.00508));
#3619=CARTESIAN_POINT('',(-0.0067945,-0.000635,0.00508));
#3620=CARTESIAN_POINT('',(-0.0067945,0.0075565,0.00508));
#3621=CARTESIAN_POINT('',(-0.0067945,0.0075565,0.00508));
#3622=CARTESIAN_POINT('',(0.,-0.0088265,0.00508));
#3623=CARTESIAN_POINT('',(0.0067945,-0.0088265,0.00508));
#3624=CARTESIAN_POINT('',(0.0067945,-0.0088265,0.00508));
#3625=CARTESIAN_POINT('',(0.,-0.0088265,0.00508));
#3626=CARTESIAN_POINT('',(0.0067945,-0.000635,0.00508));
#3627=CARTESIAN_POINT('',(0.0067945,0.0075565,0.00508));
#3628=CARTESIAN_POINT('',(0.0067945,0.0075565,0.00508));
#3629=CARTESIAN_POINT('',(0.0067945,-0.000635,0.00508));
#3630=CARTESIAN_POINT('',(0.0061595,0.0075565,0.00508));
#3631=CARTESIAN_POINT('',(0.0055245,0.0075565,0.00508));
#3632=CARTESIAN_POINT('',(0.0055245,0.0075565,0.00508));
#3633=CARTESIAN_POINT('',(0.0061595,0.0075565,0.00508));
#3634=CARTESIAN_POINT('',(0.0055245,-8.67361737988404E-19,0.00508));
#3635=CARTESIAN_POINT('',(0.0055245,-0.0075565,0.00508));
#3636=CARTESIAN_POINT('',(0.0055245,-0.0075565,0.00508));
#3637=CARTESIAN_POINT('',(0.0055245,-8.67361737988404E-19,0.00508));
#3638=CARTESIAN_POINT('',(0.,-0.0075565,0.00508));
#3639=CARTESIAN_POINT('',(-0.0055245,-0.0075565,0.00508));
#3640=CARTESIAN_POINT('',(-0.0055245,-0.0075565,0.00508));
#3641=CARTESIAN_POINT('',(0.,-0.0075565,0.00508));
#3642=CARTESIAN_POINT('',(-0.0055245,-8.67361737988404E-19,0.00508));
#3643=CARTESIAN_POINT('',(-0.0055245,0.0075565,0.00508));
#3644=CARTESIAN_POINT('',(-0.0055245,0.0075565,0.00508));
#3645=CARTESIAN_POINT('',(-0.0055245,-8.67361737988404E-19,0.00508));
#3646=CARTESIAN_POINT('',(-0.0061595,0.0075565,0.00508));
#3647=CARTESIAN_POINT('',(-0.0061595,0.0075565,0.00508));
#3648=CARTESIAN_POINT('',(0.,0.,0.00508));
#3649=CARTESIAN_POINT('',(-0.00633171261252893,0.00564977146951573,0.0475365192550972));
#3650=CARTESIAN_POINT('',(0.015258287387471,-0.0183532285304843,-0.00199348074490281));
#3651=MECHANICAL_DESIGN_GEOMETRIC_PRESENTATION_REPRESENTATION('',(#2135,
#2136,#2137,#2138,#2139),#3652);
#3652=(
GEOMETRIC_REPRESENTATION_CONTEXT(3)
GLOBAL_UNCERTAINTY_ASSIGNED_CONTEXT((#3658))
GLOBAL_UNIT_ASSIGNED_CONTEXT((#3666,#3665,#3664))
REPRESENTATION_CONTEXT('LUMA ASSEMBLY','TOP_LEVEL_ASSEMBLY_PART')
);
#3653=(
GEOMETRIC_REPRESENTATION_CONTEXT(3)
GLOBAL_UNCERTAINTY_ASSIGNED_CONTEXT((#3659))
GLOBAL_UNIT_ASSIGNED_CONTEXT((#3666,#3665,#3664))
REPRESENTATION_CONTEXT('Part 1','COMPONENT_PART')
);
#3654=(
GEOMETRIC_REPRESENTATION_CONTEXT(3)
GLOBAL_UNCERTAINTY_ASSIGNED_CONTEXT((#3660))
GLOBAL_UNIT_ASSIGNED_CONTEXT((#3666,#3665,#3664))
REPRESENTATION_CONTEXT('Part 1','COMPONENT_PART')
);
#3655=(
GEOMETRIC_REPRESENTATION_CONTEXT(3)
GLOBAL_UNCERTAINTY_ASSIGNED_CONTEXT((#3661))
GLOBAL_UNIT_ASSIGNED_CONTEXT((#3666,#3665,#3664))
REPRESENTATION_CONTEXT('Part 1','COMPONENT_PART')
);
#3656=(
GEOMETRIC_REPRESENTATION_CONTEXT(3)
GLOBAL_UNCERTAINTY_ASSIGNED_CONTEXT((#3662))
GLOBAL_UNIT_ASSIGNED_CONTEXT((#3666,#3665,#3664))
REPRESENTATION_CONTEXT('Part 1','COMPONENT_PART')
);
#3657=(
GEOMETRIC_REPRESENTATION_CONTEXT(3)
GLOBAL_UNCERTAINTY_ASSIGNED_CONTEXT((#3663))
GLOBAL_UNIT_ASSIGNED_CONTEXT((#3666,#3665,#3664))
REPRESENTATION_CONTEXT('Part 1','COMPONENT_PART')
);
#3658=UNCERTAINTY_MEASURE_WITH_UNIT(LENGTH_MEASURE(1.E-8),#3666,
'DISTANCE_ACCURACY_VALUE','Maximum Tolerance applied to model');
#3659=UNCERTAINTY_MEASURE_WITH_UNIT(LENGTH_MEASURE(1.E-8),#3666,
'DISTANCE_ACCURACY_VALUE','Maximum Tolerance applied to model');
#3660=UNCERTAINTY_MEASURE_WITH_UNIT(LENGTH_MEASURE(1.E-8),#3666,
'DISTANCE_ACCURACY_VALUE','Maximum Tolerance applied to model');
#3661=UNCERTAINTY_MEASURE_WITH_UNIT(LENGTH_MEASURE(2.E-5),#3666,
'DISTANCE_ACCURACY_VALUE','Maximum Tolerance applied to model');
#3662=UNCERTAINTY_MEASURE_WITH_UNIT(LENGTH_MEASURE(1.E-8),#3666,
'DISTANCE_ACCURACY_VALUE','Maximum Tolerance applied to model');
#3663=UNCERTAINTY_MEASURE_WITH_UNIT(LENGTH_MEASURE(1.E-8),#3666,
'DISTANCE_ACCURACY_VALUE','Maximum Tolerance applied to model');
#3664=(
NAMED_UNIT(*)
SI_UNIT($,.STERADIAN.)
SOLID_ANGLE_UNIT()
);
#3665=(
NAMED_UNIT(*)
PLANE_ANGLE_UNIT()
SI_UNIT($,.RADIAN.)
);
#3666=(
LENGTH_UNIT()
NAMED_UNIT(*)
SI_UNIT($,.METRE.)
);
#3667=PRODUCT_DEFINITION_SHAPE('','',#3681);
#3668=PRODUCT_DEFINITION_SHAPE('','',#3682);
#3669=PRODUCT_DEFINITION_SHAPE(' ','NAUO PRDDFN',#30);
#3670=PRODUCT_DEFINITION_SHAPE(' ','NAUO PRDDFN',#31);
#3671=PRODUCT_DEFINITION_SHAPE('','',#3683);
#3672=PRODUCT_DEFINITION_SHAPE(' ','NAUO PRDDFN',#32);
#3673=PRODUCT_DEFINITION_SHAPE('','',#3684);
#3674=PRODUCT_DEFINITION_SHAPE(' ','NAUO PRDDFN',#33);
#3675=PRODUCT_DEFINITION_SHAPE('','',#3685);
#3676=PRODUCT_DEFINITION_SHAPE(' ','NAUO PRDDFN',#34);
#3677=PRODUCT_DEFINITION_SHAPE(' ','NAUO PRDDFN',#35);
#3678=PRODUCT_DEFINITION_SHAPE('','',#3686);
#3679=PRODUCT_DEFINITION_SHAPE(' ','NAUO PRDDFN',#36);
#3680=PRODUCT_DEFINITION_SHAPE(' ','NAUO PRDDFN',#37);
#3681=PRODUCT_DEFINITION('','',#3693,#3687);
#3682=PRODUCT_DEFINITION('','',#3694,#3688);
#3683=PRODUCT_DEFINITION('','',#3695,#3689);
#3684=PRODUCT_DEFINITION('','',#3696,#3690);
#3685=PRODUCT_DEFINITION('','',#3697,#3691);
#3686=PRODUCT_DEFINITION('','',#3698,#3692);
#3687=PRODUCT_DEFINITION_CONTEXT('',#3724,'design');
#3688=PRODUCT_DEFINITION_CONTEXT('',#3724,'design');
#3689=PRODUCT_DEFINITION_CONTEXT('',#3724,'design');
#3690=PRODUCT_DEFINITION_CONTEXT('',#3724,'design');
#3691=PRODUCT_DEFINITION_CONTEXT('',#3724,'design');
#3692=PRODUCT_DEFINITION_CONTEXT('',#3724,'design');
#3693=PRODUCT_DEFINITION_FORMATION_WITH_SPECIFIED_SOURCE('','',#3705,
 .NOT_KNOWN.);
#3694=PRODUCT_DEFINITION_FORMATION_WITH_SPECIFIED_SOURCE('','',#3706,
 .NOT_KNOWN.);
#3695=PRODUCT_DEFINITION_FORMATION_WITH_SPECIFIED_SOURCE('','',#3707,
 .NOT_KNOWN.);
#3696=PRODUCT_DEFINITION_FORMATION_WITH_SPECIFIED_SOURCE('','',#3708,
 .NOT_KNOWN.);
#3697=PRODUCT_DEFINITION_FORMATION_WITH_SPECIFIED_SOURCE('','',#3709,
 .NOT_KNOWN.);
#3698=PRODUCT_DEFINITION_FORMATION_WITH_SPECIFIED_SOURCE('','',#3710,
 .NOT_KNOWN.);
#3699=PRODUCT_RELATED_PRODUCT_CATEGORY('','',(#3705));
#3700=PRODUCT_RELATED_PRODUCT_CATEGORY('','',(#3706));
#3701=PRODUCT_RELATED_PRODUCT_CATEGORY('','',(#3707));
#3702=PRODUCT_RELATED_PRODUCT_CATEGORY('','',(#3708));
#3703=PRODUCT_RELATED_PRODUCT_CATEGORY('','',(#3709));
#3704=PRODUCT_RELATED_PRODUCT_CATEGORY('','',(#3710));
#3705=PRODUCT('LUMA ASSEMBLY','LUMA ASSEMBLY','LUMA ASSEMBLY',(#3717));
#3706=PRODUCT('Part 1','Part 1','Part 1',(#3718));
#3707=PRODUCT('Part 1','Part 1','Part 1',(#3719));
#3708=PRODUCT('Part 1','Part 1','Part 1',(#3720));
#3709=PRODUCT('Part 1','Part 1','Part 1',(#3721));
#3710=PRODUCT('Part 1','Part 1','Part 1',(#3722));
#3711=PRODUCT_CATEGORY('','');
#3712=PRODUCT_CATEGORY('','');
#3713=PRODUCT_CATEGORY('','');
#3714=PRODUCT_CATEGORY('','');
#3715=PRODUCT_CATEGORY('','');
#3716=PRODUCT_CATEGORY('','');
#3717=PRODUCT_CONTEXT('',#3724,'mechanical');
#3718=PRODUCT_CONTEXT('',#3724,'mechanical');
#3719=PRODUCT_CONTEXT('',#3724,'mechanical');
#3720=PRODUCT_CONTEXT('',#3724,'mechanical');
#3721=PRODUCT_CONTEXT('',#3724,'mechanical');
#3722=PRODUCT_CONTEXT('',#3724,'mechanical');
#3723=APPLICATION_PROTOCOL_DEFINITION('international standard',
'ap242_managed_model_based_3d_engineering',2020,#3724);
#3724=APPLICATION_CONTEXT('managed model based 3d engineering');
ENDSEC;
END-ISO-10303-21;
